x1,x2,x3,corr1,corr2,noise1,noise2,noise3,noise4,noise5,noise6,noise7,noise8,noise9,noise10,y
1.808849468,2.72771404,-2.26480185,-12.93733038,1.98091846,3.253907748,2.238914665,5.118294725,3.260150909,2.35312354,5.200155326,2.506323444,0.934046639,0.399915638,0.877472577,-4.445947758
1.813283934,5.786557483,3.388617652,-1.742488755,0.397776326,3.190751261,2.255792586,4.37362037,3.277184461,6.987477885,6.476805478,0.793726707,3.570724248,2.120488134,1.463748389,45.97414818
3.645413032,6.287104921,-2.394316086,-1.441979366,0.64205699,4.218315309,2.569046213,3.093152649,0.923686195,3.001519343,4.693424519,1.784098201,3.519038694,1.742570722,0.487152288,9.787233529
1.384247951,4.860623157,-2.422011825,-2.845074702,0.234875599,2.656963921,1.702542527,4.237109027,1.805501756,4.337537602,4.872638352,1.190249323,2.222736432,2.074046294,1.147482498,11.97687971
6.282621146,4.172969133,1.862297291,-1.768922027,-1.460152116,2.62860925,2.581866314,4.090444809,2.242232875,3.650039193,3.609058031,1.26419123,2.152450013,3.051296995,1.961786336,-8.256870312
-1.109725914,6.671155848,-0.793234103,0.038372558,1.422498804,4.08829065,2.793682419,4.326898286,2.616692894,3.779475028,5.732461337,2.760382888,3.691552881,1.386626464,2.075386058,12.29138066
3.769958016,4.621444073,1.921289317,-0.982859759,0.090837104,4.058019941,2.579589841,4.261567041,0.31514202,4.319875811,4.978478791,5.0632796,2.537140623,1.691447528,2.037518398,40.98935177
3.442047168,4.646739642,-1.783535516,-2.199176813,-0.857710431,3.993918851,4.196128165,5.07517929,3.051791214,6.084012727,2.679088296,-0.732198272,2.812748987,0.708055861,1.234611956,39.71114509
1.421152469,6.22282549,0.862532369,-1.791159227,2.207711125,3.208900127,2.251469187,6.179495678,3.408039665,3.902407664,5.360638097,-0.089651215,2.069824953,0.438348071,1.003212625,4.071431447
2.821420436,3.295553641,2.535852795,-1.019336982,0.517837034,1.24966731,4.097483299,5.369436237,3.015764359,3.769494128,4.381810064,2.136989347,3.520699675,0.051797783,1.27719209,47.60070967
0.791211777,5.018084308,4.056946024,-0.339784823,0.377290596,3.379434611,3.785059742,5.655781023,3.812389658,4.903628423,3.614235049,1.736052744,3.290783011,1.267162126,0.502075228,33.33699382
1.379080261,4.629976816,1.500889223,-1.195237188,-1.224644908,2.362352881,4.664179834,4.996340351,2.90956498,5.215953582,5.033404559,1.670231639,2.859936101,2.626219878,1.368077598,22.65849938
1.356713579,6.021731271,-2.991745099,-1.316577862,0.363936316,2.430250953,3.799585018,6.206484694,2.988043945,4.891230485,4.017387378,2.196990738,3.060659801,0.577142127,0.918437143,39.59296305
0.368690352,4.640391611,-0.281770691,-0.768548358,0.567599525,2.226166866,2.503841378,4.326252406,3.973652551,5.714018973,5.764529701,1.972130321,2.260067498,1.058190493,0.718167008,18.79382351
7.090471454,6.78182258,3.698154327,0.232134477,-0.280880617,1.489939563,2.583524552,3.647525843,2.075493586,6.407227779,5.038248071,1.785501606,0.817203087,1.777079321,0.783288646,36.95981729
0.965238245,5.083955216,2.454218476,-1.379664278,-1.150175248,3.136537807,4.327647477,5.383353372,3.171946152,4.860724972,4.207549785,2.668696284,3.536404831,3.04347008,0.491385865,30.0923056
1.987989901,5.829534781,2.98669414,-2.984887122,-0.953313439,4.259686843,3.606031324,4.430667624,0.598723701,3.767502592,5.026000306,2.35241918,2.734703669,1.450583366,2.654244857,39.50045079
2.41326979,4.746115446,3.811575223,-1.382277566,0.14511704,2.059262941,3.8223245,1.888157351,4.054320138,4.660088492,3.756512428,2.334144286,2.484360634,3.47556635,1.721185712,31.46693437
3.347412924,3.518536373,6.852126651,-2.238541831,-2.581288831,2.804317883,1.864127125,5.251943871,3.551250614,3.794832626,4.685034731,2.16686612,3.284479203,-0.632583422,2.39936091,53.85835598
4.687842616,5.163504629,1.830914682,-0.84429778,0.412682483,2.454427754,4.362699852,5.771461415,2.445450545,4.089103146,6.035506266,2.61807293,2.285815228,1.573105317,2.088280963,34.24074352
4.443597992,4.830423068,4.91825632,-0.15151145,1.008736115,2.387407531,2.433059024,5.609514098,1.547421007,5.048419661,5.418981759,2.555488307,3.850905451,1.632370029,2.064749709,42.06692385
2.010247138,3.997698847,8.751469625,-0.328487,0.578573704,2.165975432,1.996915643,5.399028995,1.709075357,3.835477142,5.097854068,1.331673179,2.164663795,0.371947903,-0.264969146,79.07158549
1.908626275,3.676403099,1.590246445,-0.52110357,-0.333838678,2.254504973,3.196809655,4.754152767,4.852995924,3.765658799,3.597377774,2.338694416,1.767536459,1.076958809,0.578879554,41.18645093
1.777698782,4.910601161,-0.726382365,-3.17954586,0.96902401,3.433603606,3.600078594,3.558493008,3.762626424,4.782984215,6.183067582,2.602468391,1.728257944,2.268277324,1.943990022,19.04385039
2.341736732,6.392735253,0.44675594,-0.240556646,-0.517300319,1.917380572,3.962078532,4.140525899,2.880275779,3.760336638,3.111545531,1.289227802,2.010922034,0.687009393,2.30195225,6.719891077
2.578226804,5.224114847,-3.78446445,-3.949048142,0.941252777,3.430012582,4.106785579,4.050456917,4.877537878,4.806873455,6.19913005,-0.443537892,2.169733843,0.794910206,0.81598781,53.64361434
1.852726013,5.028975342,0.667445084,-2.081550944,0.586192474,2.800102511,3.107269306,5.208639537,2.537640869,5.45484882,4.971649951,2.367085352,2.411711351,1.599303106,0.973004863,52.09245727
0.853881907,5.472686086,3.080834098,-2.90405003,0.204455478,2.367077092,2.909319041,4.550918381,3.944912041,5.520552835,3.653716458,3.149831492,3.254578477,0.121504385,0.324317108,20.88837618
5.250789321,4.441221128,-1.272203768,-4.084698174,-0.161135803,1.956119407,2.523780975,4.673125237,4.656054865,4.408392235,4.345144985,2.724844076,3.864595423,1.266088442,1.203123753,2.345039562
5.086255863,5.816758369,-1.504672804,-1.097424767,0.345380988,2.64849176,2.705601031,3.665118519,4.152818487,5.442913572,4.339711731,2.188359227,0.544679061,1.305498176,0.662932244,8.127166367
-2.116556502,6.109161163,1.776753222,-0.13964737,0.090097317,2.938106046,1.972519745,2.935091415,4.215260082,5.184056573,4.536432055,2.713721134,3.18811566,0.905343305,1.281655509,12.58087446
4.591451275,5.026128209,0.102857738,-0.468015731,-0.899066383,2.135314291,2.651158582,4.522831266,2.466908841,3.741199498,4.526392011,0.122058505,4.205561327,0.413038681,1.231857536,51.76130042
4.69701125,3.817160366,-1.100654611,-3.890469004,0.30874358,3.00476954,2.192748168,5.123336093,3.063693749,6.288449721,4.670833882,4.137842468,2.229321394,1.950216352,0.861426218,37.67908723
4.439976517,6.234986622,-3.016938011,-2.742278299,0.918032642,4.290919585,2.062500161,5.556022628,2.158394839,3.080671959,4.701386717,1.595743401,1.96595304,1.073142655,2.148759076,9.898046563
3.616634328,4.758964636,1.51033702,-0.213410063,-0.912989539,4.824907279,3.221091028,5.139164518,2.952138956,5.015386299,5.997147319,1.181199895,0.877483089,2.390745347,-0.501675751,18.38107864
4.657585232,4.639260319,1.947006242,-1.253881351,-0.321041241,2.835905822,2.806901811,3.342914342,1.473561797,5.179134652,5.817565098,2.99695151,3.45854126,1.695554445,2.311636662,-0.856562275
3.010218729,5.1654874,0.401348443,-1.501269914,2.023711037,4.425889769,4.0752041,4.115753526,1.547096393,3.908850371,5.70115691,2.510090226,3.941013488,0.751350026,0.412426737,39.03541523
6.948009006,5.73778294,0.688129964,-0.786125411,1.146197322,1.429991224,2.992320911,4.819203878,3.650058496,4.076475524,5.221482852,0.10956428,0.241008015,2.376717345,2.545162516,44.12788959
2.190461576,5.749369694,7.202017862,-0.468999573,1.28294228,4.534340298,3.168922634,5.528709068,2.738800877,3.696656963,4.985543037,2.902478177,1.673632744,0.862646843,-1.501111076,41.80678705
3.70839795,5.933380239,-1.601398813,-1.274236978,0.271652061,3.292852083,1.794482484,4.061049473,2.679068419,4.140953675,6.12551554,2.620926878,1.869065705,0.857091631,0.859446263,9.356705375
3.741293126,4.604621032,-5.059923108,15.81924428,2.325944946,4.102617979,3.024352441,5.21587288,2.457603595,3.971616751,4.641812696,3.915259009,2.331905903,1.264734348,2.735553566,12.54004113
5.406880292,5.598668815,6.033135472,0.147154941,1.620898241,2.176320418,2.191181982,5.20874768,2.487265176,3.739941316,3.250027421,1.442278042,2.888997418,1.756164844,1.036912626,53.65782502
5.388427153,5.580625299,2.150958956,-0.008158459,-0.129754865,3.834528143,4.133874018,5.185621945,5.363220228,4.522201311,3.724755697,3.608845199,2.638494045,3.31879485,2.293961849,19.44300112
0.738456288,4.541294677,0.762265525,0.206740251,-0.700947961,2.227441541,2.39160253,4.046830339,0.468655836,2.963873629,5.991579296,3.169702857,2.725159468,1.690269963,1.7099119,0.46985622
7.2073515,3.471651701,5.476901348,-0.154879414,0.62085891,3.109606179,3.645292209,3.799526428,2.344632362,4.260729954,6.141732723,2.501436503,2.378545697,0.37126225,0.689581932,39.23215619
4.671704571,5.251675099,-0.325566869,-2.066014327,0.325043959,2.881563227,2.965725522,2.909585747,4.422491069,3.575565981,5.091046686,2.730876609,2.436141483,2.238092207,3.006789152,49.87006809
6.65552388,6.347632202,4.82076288,0.078524123,-0.526817395,2.60548132,2.475722135,3.969599885,2.048985249,4.31551515,4.661797729,3.052875254,-0.196637573,1.248055351,1.401593613,40.28887
-2.519930141,7.343121522,3.598036052,-0.644346582,-0.21748764,1.983879238,1.755298528,3.35502898,4.87146645,5.31735524,5.272865963,2.167963079,1.271816708,1.957657665,0.874844133,29.28402351
4.520409469,3.687759807,0.817047106,-0.574465469,-1.312008697,2.37251302,4.050555649,4.220003925,4.625798353,4.150681092,5.253232947,3.341763983,2.246868206,1.820335161,3.635852665,8.242722366
4.745661367,4.802056057,-3.606097345,-5.09792586,0.157847518,3.290960269,4.032520446,3.389815791,2.376061691,3.971692936,4.823070249,1.960516377,2.674863705,2.637739841,1.791957993,29.66396055
1.387389356,4.484400676,11.25294498,-0.981029526,0.970994054,2.654335857,4.56131096,4.435760339,1.822435799,4.801813706,4.909356103,2.697712941,2.351743667,1.628030555,2.882995395,57.26535241
0.896956099,5.74832053,3.553199791,-0.119352427,0.871560688,4.889369907,3.499292278,6.800536229,3.853034085,5.489606817,5.373731469,2.997310069,1.772432989,1.468002043,1.668747213,36.88268614
7.890075327,4.903666087,1.687709215,-0.67908061,-0.973887855,2.327556813,4.146604346,2.520733558,1.469780981,5.59490271,5.991987609,2.065043811,2.887299423,-0.251380243,2.523700133,21.79935667
-1.289284407,5.412952373,2.654842688,-0.528492773,-0.044132139,3.088150241,4.477181202,5.620166368,2.623883887,4.542161992,3.463065924,1.867552892,1.865896687,2.014280211,1.463698018,39.31150469
0.335979316,4.795142833,-0.892787698,-3.309292689,-0.800749116,2.659920566,1.834100097,4.667365398,3.07087172,4.193161811,1.99685801,5.349752659,2.712129756,1.117068103,1.168046185,12.82951344
3.886412641,5.539790781,-0.309054474,-0.624160116,-1.965742519,3.547888264,2.7271632,4.52511208,3.192014783,4.586147877,5.39998594,3.937949427,1.502679522,2.61587437,0.107329312,29.67803271
-1.3681175,5.772987247,3.804279652,-0.186354679,0.631950879,1.595130289,2.873499073,4.336980268,1.724349744,4.993961635,4.478423663,1.460270784,2.70391835,0.145730342,0.501102938,42.50388784
3.488858785,5.141462546,3.59093702,0.282084373,-1.873078833,3.657366577,3.230491273,5.542104615,1.420864784,5.223215214,3.346177569,3.505858286,2.263968955,1.700299807,2.903403434,23.12076138
-0.501404552,4.409591634,4.285895155,-0.30172671,0.257585185,4.623645166,3.884881126,4.871928036,4.055448571,2.428096917,4.493103377,3.190957628,1.205434062,2.298897865,2.510160354,29.42074944
1.325373674,4.947718627,2.361879032,0.73642676,2.03163649,4.409361313,2.761614688,5.715718392,4.762397708,3.821713233,5.10490719,1.313519017,1.314769174,0.29249314,3.725137691,49.52938663
2.441942804,5.041122728,-2.72146696,-2.791921228,0.082941215,2.702739464,4.083215854,4.75907211,3.128506737,3.943188196,4.347669765,2.517331149,3.330800066,2.696249465,1.308683561,26.17893189
3.419207206,4.123471625,5.540837518,-0.104377148,0.225623945,3.794842841,3.343175006,4.231921784,1.448576572,4.839631765,5.305260706,2.00838135,2.065576916,1.249385957,-0.015148094,37.88177028
2.717256872,4.358016916,1.569405811,-2.520135536,-0.102535709,3.934144646,4.214778796,5.679375667,2.560389345,4.268832819,5.728653201,0.680236408,1.199219994,1.745738549,1.985246583,18.70071988
1.672600391,3.70490967,8.451197507,0.46348264,-0.724510215,4.232441615,3.434596601,5.61071431,2.553494512,4.512520337,5.227817916,3.233743759,2.679552277,0.804864826,1.679086501,47.18854133
4.237502356,5.441923578,5.284962114,-0.476249958,-0.11440629,2.745768797,2.608861388,4.391515643,3.102880625,3.057113924,5.074758644,3.153801891,3.834226083,3.917696299,1.76969541,41.76110059
3.458215036,4.776954417,0.705566784,0.583785604,-1.92180686,4.551978646,4.574670185,5.45147836,2.333265742,3.966226793,7.63100797,3.546195644,0.713939497,2.298284281,0.130355805,32.13838574
0.374407931,5.853055424,-0.035080846,-0.364670526,-0.929746325,3.229807732,3.798251791,4.754380314,1.396976295,4.150985469,5.295556672,1.603580178,2.163077781,1.377375724,1.481165153,25.42120781
1.869364084,4.972862165,3.67762413,0.906915918,0.731156805,2.802007645,1.612261201,4.772528196,4.021313819,4.10521367,5.068340387,-0.101288666,2.337659048,1.367088926,1.694035542,19.08253012
4.883402626,4.506811054,4.165038903,-2.830671582,-0.44566796,4.407476888,3.630573044,4.064651555,3.766877001,4.204556468,4.300036067,2.940964847,2.68761542,2.16877264,1.446874621,41.57568722
3.837021902,5.34606877,1.25674923,-1.790090399,-1.403807334,1.925082708,3.267864613,4.382220335,2.508071508,3.187311731,4.069358074,1.1929643,2.473244236,1.974033293,1.153638304,26.42665009
2.253985941,5.545979729,1.968580708,-0.353616469,0.844079259,3.213550853,4.170835157,7.024898299,0.279276639,5.827661038,6.423967127,1.973303795,0.637733381,2.013979247,2.422294347,14.06909636
5.562396605,4.993763777,0.595114182,0.299359649,0.571725942,1.776056226,5.246583558,3.603524339,1.969791427,5.226068617,4.823582055,1.393018427,2.847603743,1.049602874,1.498984142,27.26195819
1.834336952,4.360221119,3.419005065,-1.941542251,0.038976034,3.104661271,4.204746317,5.170560869,3.16136521,4.117997348,6.726804229,2.845780737,1.086532589,1.24663489,1.403994687,16.00589962
4.411151012,4.327523671,1.084015212,-0.997189989,-0.384242356,3.841173267,4.287816008,4.11703406,2.379702726,4.477541956,5.468666322,3.073793173,3.169450666,0.227413186,2.600794923,45.35539405
0.487175043,4.661638995,4.115597165,-2.045175935,-1.164010446,2.560953568,2.120030624,4.562113774,2.34651216,4.096127072,4.498862227,2.332857535,3.193513025,1.027621875,1.366246654,42.80916335
1.615789259,5.12050439,-0.366614782,-0.308126409,0.857161795,2.256242416,5.941197791,5.827557494,3.307940753,6.304137993,7.49023215,2.50783536,2.012581543,1.325112291,1.131288801,6.631856021
0.899397325,5.224153116,-2.002311647,-2.907637472,-0.594179473,4.840863649,4.67761656,4.422083761,3.913780194,5.800716887,4.617303993,2.753444962,2.990994224,1.880988427,0.758153913,9.087825206
1.900347901,5.407195568,3.356249058,-1.482093991,0.840890009,2.743594117,4.749842489,4.364438245,3.665445506,5.239320358,4.412911072,2.941611398,2.032475379,0.402258187,2.065406277,46.00658882
6.145741361,7.275839851,2.504477725,-0.59684659,1.297684891,2.099498849,1.564474428,4.227344992,3.824898602,3.808253088,5.46377168,2.97631421,2.123386482,-0.272390859,2.48626438,35.82643694
1.447241192,3.382538664,4.040181305,-0.414814129,-0.229211527,3.413817982,4.893047698,3.114904796,2.705161096,5.150840774,5.792025208,2.581874131,1.945680334,0.386737266,2.779563855,57.84347967
1.386826299,5.731627467,-0.265966919,-1.450979318,1.5970936,3.356351285,0.893052536,5.999054909,2.117221828,3.790835819,6.456240594,3.048842841,2.964871151,1.190472108,0.431559722,28.19905652
4.317273984,6.699103241,-0.447067195,-1.186017111,0.924347617,3.884416298,4.904193358,3.602289756,2.419038192,5.928053018,5.793470511,1.034263857,3.12730475,1.395541562,0.823172261,9.560863067
5.540795223,4.40785412,1.462020971,-0.926664707,2.471442188,1.797531663,2.666669117,4.579763906,2.470802282,5.89597966,6.054008631,3.331348188,2.049104675,0.471575277,-0.363392446,36.57115305
4.448468616,4.197497621,2.494706415,-2.669104885,-0.287484819,2.231756467,4.499900488,5.994573561,1.802084622,4.227916355,4.82536484,3.168871157,2.602046045,1.227684878,1.161373133,27.31641731
4.589838458,3.750605982,7.171122585,-2.125721675,-0.943201059,1.913134224,3.233062404,3.709404246,2.309008009,5.061232992,5.265535221,0.624863444,3.338462899,2.2053819,2.110761956,42.4935716
1.927171641,4.56142702,0.931442119,-0.258364745,-0.785452094,2.091997709,4.021405143,5.477979353,3.225064555,4.434097773,4.82445836,2.841149197,2.325573839,1.182077974,2.292151171,32.73221757
0.605114366,5.49194753,1.021520491,-0.428537983,0.70148372,3.029807142,3.010679475,3.986379333,4.93996082,6.646454299,5.553194294,1.201981151,1.485459529,1.230081416,3.062986195,22.51658871
2.829841366,4.489023088,6.634880801,-1.048230385,-0.638349709,3.499769802,3.413479602,6.691467557,2.418204135,5.854139865,3.343656427,2.506801986,3.501296448,1.374433672,2.067887765,32.24857728
5.266078516,3.51694752,4.868160429,0.159252912,1.430884956,1.403175624,3.479088282,5.71375359,4.788120269,5.201237404,3.742669251,1.378074074,3.442465369,3.067681705,1.270145641,66.3731029
-1.79674571,6.313635136,3.925719945,-1.311936025,-0.437415316,1.255992866,2.756358715,3.418413921,2.478264871,7.149653293,6.572488214,1.080242398,3.220931686,1.31093775,3.037124178,9.140722971
3.794525204,6.441561295,2.179291153,-0.587682901,-1.730306986,2.725646842,3.589037681,5.538025283,2.288371702,6.224725753,6.560428834,3.72672768,1.727268018,2.441573333,2.65877354,21.34662097
2.666386226,5.820936544,4.366950017,-0.612712439,-0.970085909,3.258753873,3.410711168,4.441845638,4.099341804,4.516649357,5.123036486,2.467559479,3.878788702,0.323857296,1.222014014,40.93273143
5.123834764,6.07312717,-3.110625731,-2.205948558,1.671634304,3.914890795,4.156198542,3.746527124,1.977317232,5.173703706,6.023667948,-0.07371844,4.082913439,0.073975791,1.417149114,22.56316989
1.966825374,3.728116676,1.282737802,0.625980364,2.070636612,3.47810655,3.422189112,2.846726398,0.190407861,4.70622163,5.243820646,3.419067565,0.427899138,1.703494312,1.087353612,33.71985697
2.705281225,5.481929156,2.884062792,0.413418552,-0.3625457,2.998654336,3.840715885,5.646434186,0.77877408,3.711336123,3.701608331,0.758085815,3.547311632,1.803676251,3.373493207,25.22737369
6.911179223,5.364266183,-1.248055325,-2.335692682,0.618567949,2.791422572,4.51090874,4.756785504,3.867311745,3.839107895,5.235380777,1.846244954,1.790427764,2.82751498,1.020381874,-0.898393185
1.404572885,6.245296047,5.268305926,0.726174323,0.120825519,3.645172005,3.907172913,6.454859256,4.758103493,5.762049978,5.761666327,1.617190439,2.343569274,0.993208654,1.324988755,17.85892621
4.499531554,4.204973464,-0.445781614,1.191082707,1.12601613,2.279402351,3.75015261,4.563268706,4.083781931,3.091480414,5.77618447,2.85838246,1.346566157,1.200001994,1.583461221,18.578149
4.40960188,6.240170208,-0.838067102,0.775029133,-0.099947412,3.684467727,3.802464922,4.709527721,4.298538048,4.31466427,4.169482102,1.167427026,1.441647181,0.733063139,0.290485607,32.55383967
-0.441657377,5.455592952,2.040975255,0.496664292,-1.902843784,1.145210674,4.325521901,4.651189033,2.177215435,3.418155131,3.378758892,2.248756314,1.295274278,2.361177984,2.211413511,24.07367615
3.064645869,5.607082515,3.075369607,0.803927065,-0.433223833,1.818732385,2.793803627,4.722678124,2.784917466,3.480964638,4.973021375,1.65418706,2.236593404,-0.413730885,0.983461193,28.64907458
3.988161568,4.101999988,-0.941464337,-1.780000618,-0.418169368,2.215493365,3.408965073,3.16253858,1.465380699,3.90484232,4.738381487,2.866475802,2.833502768,0.009484297,0.50398743,5.87077319
0.330194182,6.134046324,3.286859111,-0.948634669,-0.23154272,3.969166891,2.996609567,6.339281174,2.925311332,5.852339968,5.217557593,3.438720349,1.283657533,0.782234973,0.246437309,57.82528255
0.744839194,4.004759656,1.799725441,-2.468151696,0.687792178,2.521732241,4.40446964,4.312446689,2.457452724,4.89012905,3.882733359,0.946776274,1.598070637,0.50816826,2.042386206,42.88160381
3.069833283,4.317695701,3.461260374,1.217503262,-0.334642146,3.114502096,4.970934371,6.070339123,1.889022657,3.673228741,4.967560899,2.683556038,2.248627682,2.677550649,1.224155418,47.85386228
6.770589109,4.136537729,2.190676237,-1.641253553,1.469240571,4.530039607,3.616372757,3.831133825,4.272272622,3.597744702,4.291694273,3.339056174,1.76545564,2.277243915,1.651646975,18.51340856
1.23055242,4.819431508,5.480339169,-1.538711681,1.53205875,4.875587364,2.652739303,4.646723255,0.932902688,4.376209734,4.74022089,2.489995854,2.032953417,0.117352653,2.471634992,48.49324484
2.439398758,4.340890984,0.594654163,0.159987622,0.923595266,2.798165611,2.797808851,3.477019827,3.234715485,4.213458805,6.782015296,3.243923574,2.291361958,1.189116287,2.680066628,30.87198149
2.358844896,4.79471863,5.163371452,-0.29722853,0.989254855,1.174083802,2.793942571,5.159346482,4.335509423,3.528476352,6.070924617,4.388344542,2.393843646,1.135663425,0.38460764,41.13175094
4.118374488,4.404237236,1.600137068,-0.131706958,-1.065928491,3.962879,3.993683775,5.306667152,1.838544932,4.847057213,4.630404586,2.391509771,1.496659571,-0.003439248,0.992595758,18.96126391
-0.891025551,5.249554508,-2.244727112,-2.841044302,0.621728502,2.243757744,4.373112964,5.385415054,3.196423399,3.77545911,6.416642583,1.780032165,2.075716071,0.842141776,3.245871056,12.8962036
5.012810172,5.046331391,-1.646397738,-1.954992037,0.089525729,3.092862004,4.77597241,4.99477141,3.25906378,3.607225901,3.79261291,0.532705039,3.22183528,3.126705646,2.067404797,-15.14306379
4.304996285,6.345444561,5.780887672,-0.201197773,1.115802683,2.742952316,5.831818376,2.862388715,2.406650789,5.551044632,6.123761886,2.239887247,2.816381571,-1.341711731,1.102925867,12.00688944
1.316391968,6.043283869,3.927187595,-1.860306186,-0.809952848,3.720988452,3.514042439,5.414805154,3.404272757,2.17122724,4.194808269,3.732713492,1.39439816,1.092715086,0.540137844,45.71725801
2.116497996,3.095725139,2.142151203,-2.571590631,-1.816057836,3.43145524,2.296765478,5.15892459,2.96391001,3.26226299,4.101874528,2.278924692,1.949612712,1.472476295,0.249373299,35.45253737
3.878915019,4.139829727,-0.609769007,-2.090011309,-0.493569021,4.145326521,5.336575125,4.459954801,2.35757975,5.350665182,5.408786766,3.905222539,3.454438018,1.418196518,2.723054455,0.981170857
4.700887505,5.346110227,-0.389148172,-2.528051061,0.634607366,2.725058918,2.75830044,4.723229496,2.854471126,4.42811879,4.872730061,4.395499817,0.192365366,0.678776051,0.494972655,13.59017731
2.479334666,5.078050957,3.779070504,-0.499727956,-0.935994638,2.74042539,3.575288015,4.472885952,1.726309236,3.61995209,7.139454056,2.838417455,2.536340684,1.80315914,0.785873187,37.63463935
3.010076692,5.779600816,5.406649404,0.504192929,0.099469708,4.453438644,3.252980481,2.304761988,2.327358459,4.634561467,3.081145908,2.353165083,0.736468512,0.747890669,0.953017686,28.88001263
0.445430542,4.410486474,1.471799408,-1.073345402,-0.174472462,2.007267373,3.939325646,3.647229138,1.720885502,5.29716786,4.680977546,3.723052989,1.618260658,1.225073485,1.978131775,9.287729841
5.737272682,7.113847077,4.254328723,-0.523636015,0.49232014,2.42339558,2.841054602,3.958949548,1.382555535,6.494617842,6.215944734,1.391769661,2.26289307,2.754516637,0.05226078,36.2475353
4.798421835,3.098076592,2.026700903,0.58919327,0.853788458,3.090742674,4.426374569,4.791282722,2.5608033,5.900514286,4.494262558,0.848224976,1.073557639,0.892501725,2.423191755,45.99070875
2.281363409,5.627260917,-2.598439794,-0.358650587,-0.56104733,2.085002506,3.742689795,4.472019056,2.609546606,5.33887439,5.307275028,1.384827225,2.888484667,1.461545509,0.524870011,17.79878766
0.669621906,5.813560411,6.703318167,1.517934231,-0.870844238,3.804810051,3.818323713,5.395544954,1.374712221,5.062148182,4.806743456,1.541037033,3.08737949,1.798933358,0.488372699,19.69518439
1.766293862,4.974548305,-0.167389703,-0.55907979,2.185742778,1.629120242,3.660064225,4.712345315,3.04592958,3.75765257,4.582512872,3.014469671,1.836767217,1.094043714,2.293580201,13.61147692
-1.198863384,5.219733983,3.945627482,-0.491615221,0.661257737,4.052912375,3.305311969,4.850514914,3.56439192,4.399305482,5.594043393,3.679029735,2.823689227,0.093932534,2.088903785,13.8371245
4.590640153,5.061073166,-1.193956766,-0.609129154,0.288528535,2.587019475,2.415089407,4.059071321,2.879461227,4.328591265,4.757740912,1.576034282,2.076023914,0.534639883,2.820301592,5.55014971
2.340846789,5.713837674,1.679797534,-2.476270432,-0.580975403,1.480693968,2.571641614,3.476335244,2.77927619,3.076650263,5.302048471,1.68118899,1.61543741,2.216292441,1.631277059,13.78555746
4.49227598,5.106912205,3.88749221,-0.191830266,1.219360208,4.221522474,1.510929283,4.558042444,2.590501206,4.1434452,3.342839646,1.979419357,1.704580428,0.609777811,1.748352204,39.51960165
3.266488965,3.418413635,3.698721394,0.647193099,0.837360683,2.852811146,3.21061458,4.748811499,3.772136801,4.907119862,5.806208036,1.323656584,2.479990376,-0.35931551,0.905006709,18.3015485
6.19692765,3.928263046,-1.473842243,-2.57876129,-0.965534651,3.152537491,3.358510526,3.500278098,3.788492111,2.551620975,4.115523783,0.885993678,3.172522865,-0.019850735,2.217104327,11.29509135
3.583655793,5.325118018,6.344210821,-0.744185248,-0.009322824,1.520395852,2.335527865,5.015866747,2.920372677,5.483688716,3.72318337,4.176818458,2.803186489,1.178669435,1.937818223,58.9786663
-0.24834929,5.898004666,2.705337991,-1.108968797,-0.000334135,3.236005103,3.629206087,4.522625434,2.627532788,3.882302683,4.55362459,2.660099193,2.381025135,0.890293027,1.94265455,10.75878962
-1.881805267,3.263928478,1.65918077,-4.246785626,0.090265559,4.163841443,2.220815297,5.508448226,2.376557093,6.397418311,3.7057556,4.565914475,4.134974507,1.698640274,0.834886413,36.49587084
2.240375673,5.266181294,5.197985427,-1.698615936,-0.817746348,2.963792243,4.011338924,3.901700774,3.695959699,4.801355431,6.265162175,1.752878349,2.934704659,1.122216125,1.23569915,72.41503858
4.387427475,4.765462772,1.074775223,-0.968585458,0.578565752,5.021993498,5.190450222,4.807761596,3.390951682,3.664452748,3.288996011,3.014295702,2.45686967,-0.256667281,3.535114723,28.01924766
0.855727356,6.04362167,1.084094934,0.530955235,1.155116712,3.5440709,4.103086397,4.791740324,1.042459948,3.893266275,5.783953575,1.012056797,3.094885318,1.125911435,2.53192923,11.68959509
3.571781769,4.648245082,3.465444636,0.934129376,0.498711472,2.393681963,5.176018004,5.485267635,3.482661809,3.694619686,5.337202469,1.712046919,2.501705318,1.199374993,1.957588285,29.89407662
2.75017838,5.032512292,-1.611459808,-3.099271999,-1.06877151,3.691148557,2.813984732,3.186692199,3.587891117,4.942427417,5.681914127,3.467105503,1.471384111,1.556606672,1.694434782,42.48122883
1.859801058,6.050574309,3.864551903,-0.883052256,1.270281266,4.292633464,2.821464,6.264877882,4.256574979,2.65438895,5.083886342,3.877119764,3.203811161,0.912708919,1.84604999,36.49198937
4.641062386,5.558839802,3.369212179,0.011397238,-0.715007782,3.712843533,2.44142636,5.317601519,2.062663921,4.639776671,4.037843244,3.49720165,3.913584381,1.663838086,1.709715081,41.65903424
3.97513406,5.034308179,1.925601275,-1.710318553,-0.109452654,2.802795914,2.158296756,4.876558403,2.416979195,4.270345404,6.174317222,1.463468756,2.944070198,1.463740083,1.307586235,23.67845437
3.305825382,4.039031797,2.079872292,-0.502932916,0.421226098,1.249138557,3.61211808,3.711380144,2.618542324,3.789984964,4.60974455,3.445438906,2.805585026,1.675949784,0.759646741,41.51543577
-0.163500189,6.419238768,6.948838618,-0.864186895,2.068999231,3.185837268,4.358490322,3.74506888,1.652282935,3.690965072,3.091242931,1.695735309,2.139803366,1.272109322,0.676677535,65.80279573
2.810728488,5.954229024,5.247115014,1.46598761,-0.506398506,1.847469129,2.537792526,4.421155657,1.246918146,6.198202023,5.463153459,2.068399201,2.569404094,-0.348080073,1.99299926,30.19452394
0.216536291,7.071870562,0.98007205,1.113785777,-1.761425136,2.023585471,4.095418435,4.945766896,1.85377768,3.749397984,4.208960295,3.033689494,2.481634959,1.549717234,1.965470135,38.63172638
2.764622267,5.219573681,0.255794658,-0.427056496,-0.527788289,4.107230913,4.740833675,5.523908979,1.076881431,3.443269892,3.263396902,3.690853122,2.520454023,1.987080226,1.604037073,30.73636989
6.340956454,4.876258367,4.463188106,0.286832655,0.635239313,4.730346337,3.824830208,4.69353114,3.867534678,3.734102069,5.88483545,1.776039164,5.751751679,1.880057963,0.836435154,31.48171953
7.932359956,5.080768386,-1.444974245,-1.083258902,-0.585406058,3.514748944,1.942602404,4.606628435,1.209147937,5.891669593,5.069610732,0.58946111,1.452519075,0.244231028,2.395296725,-0.292939648
5.035321694,4.534303235,-4.351076654,-33.37495286,-0.133442299,2.623962081,3.63049492,6.278962564,3.907953043,4.232697721,3.455911634,4.014024615,2.475733314,2.486827863,1.671577473,16.3669393
1.838520391,4.840636593,-0.562474372,-1.701995357,-0.559640453,2.949870039,3.201131157,3.035840325,4.24343837,3.44058299,6.187725288,3.95108875,3.379673359,0.188546657,2.690744628,41.92524632
5.057341291,5.040945938,0.132744703,-1.562805319,0.374775272,3.679866943,4.690457779,4.946601034,2.020051002,4.232327706,3.81748511,3.149954791,1.484282307,0.302573255,0.747477038,11.84722481
0.902280392,5.384857676,-1.947152496,-1.553948805,-1.446403353,5.188157098,2.220478416,4.93729372,3.635298468,2.994713113,3.984253018,1.685987894,0.840625143,0.933735667,3.933606572,35.16315724
4.839692814,5.115224555,2.474347917,2.135305412,1.29335487,4.842160857,5.021387128,3.960350528,2.96486665,5.304709316,3.936274131,3.651959408,1.78936393,4.718404908,0.746041748,32.15097973
5.967527649,5.515112397,6.448046331,-0.239786528,-0.704423435,2.693735769,3.170908708,3.485688957,2.433160102,4.497077656,4.520151243,2.381366607,1.997374721,2.945832287,1.206413518,49.04023777
3.218175478,4.134574504,1.220911505,-0.639233368,0.387524321,3.750927417,2.880003726,4.037838888,2.847376327,5.638155309,5.815157633,2.691375891,1.49753965,-0.300295647,1.887979375,19.93009277
3.172594923,6.195481975,0.169714792,-1.812345033,-0.852866449,3.00389453,3.562716694,4.707174278,1.410453614,4.614951622,3.828466914,1.964589776,2.356486251,1.053028967,2.340044782,19.89174733
1.668091037,4.710134553,2.903506957,-0.740356534,-1.391687024,5.157004909,1.842690135,4.849881566,1.031772168,4.722756053,3.768554969,2.132686894,3.546358885,1.744858854,1.574291941,26.15995537
0.39601549,4.725088405,-1.004776946,1.050244196,-2.967798397,4.727887295,4.425771761,2.249248398,1.93481643,3.741835826,5.167034454,1.623363908,2.134351136,2.035173398,1.691396646,3.053681352
0.489798346,4.364283666,0.487007884,-0.10680548,0.380853645,5.678306756,3.998547062,4.839846267,3.659934592,2.151127342,6.426684718,2.173491082,0.816523634,2.667187098,2.929845646,32.37913087
1.033545766,4.749426205,2.655011414,-1.377994241,0.870789573,3.573269332,3.3667994,3.606074904,2.69552583,3.374688632,5.2203998,3.516949218,3.148811084,2.296014027,1.976856862,31.77772679
1.366693383,4.295154605,4.987348229,-0.222366369,-0.118795478,1.582789976,3.869019904,5.241396803,3.790584922,3.454699635,6.30437009,2.835418964,3.929772162,1.313217444,2.472003383,46.48425034
4.765470393,5.030920362,0.067056102,0.180212135,0.877416389,1.635067285,1.567843882,5.619320882,2.764190301,5.097167352,4.283125497,1.687915702,0.727722705,2.553658463,0.920891507,35.82756783
0.863837877,3.40489663,-1.083207352,-3.473262883,-0.2440902,4.412991665,3.299419958,5.258347166,1.053439784,4.843198059,4.21957785,3.132712698,2.560517014,-0.385801351,2.870483127,15.82419218
3.900421949,5.648223163,0.412522729,-0.784517308,-0.009578364,2.953310368,1.854104913,4.912815317,1.425738857,4.001305469,5.207150097,1.319867636,2.413444654,1.789447467,2.989055142,23.52840227
3.323294403,4.663837299,0.874046124,-1.538902514,0.44135058,2.384144171,3.03389859,5.831552866,3.350758487,6.348366246,3.644348948,3.32800129,2.989669417,1.247595048,1.043359357,24.04273217
4.792325505,5.617559837,3.378127919,-1.409327239,-0.741145626,4.92159779,3.748752701,4.633092316,3.383774903,4.840821487,4.778748724,3.545154188,3.249867527,2.468300064,0.971456904,33.1943087
5.101391146,4.89369813,-0.304255951,-2.919745995,0.701365734,2.754273382,3.521597704,5.245108074,3.596850044,4.473035251,5.920077933,3.713800483,2.289836422,0.306089734,0.963102246,25.47296332
0.224341608,5.191989582,-1.690401642,-1.880497316,-0.637834715,3.173584486,3.847125222,5.023707434,0.916208662,6.852279589,3.522352891,2.726111196,3.082603252,2.007762357,2.05350663,18.67157696
8.739026571,5.105663184,-1.798440719,-2.081620845,0.561324747,2.721511101,3.959709686,3.128152607,3.11267517,3.596428652,4.989249528,2.510080954,1.57521602,2.001402762,2.149175117,33.15033807
-1.314716455,4.051329495,2.2074754,-0.645482798,-2.559115114,2.959903784,3.125774872,3.512109163,3.25810931,5.41506608,4.58384277,1.137473623,0.497951349,1.068420679,-0.009334772,15.31918349
4.097431399,5.368109853,1.903275992,-1.547170243,-0.894513077,0.821735706,4.542892964,4.609143634,3.530198872,4.290705755,6.539927604,1.043484134,2.017874591,0.797973949,2.546694233,30.72136495
1.387120443,5.815206024,6.53462458,-0.82211065,1.314130291,3.937966558,3.935140554,5.469204122,5.461156287,5.827645599,7.095317707,0.834041451,1.53638715,1.111535998,1.401726114,30.13246967
4.017588251,4.444526345,0.90659065,-1.536686008,-0.198941264,3.054993498,2.963169016,6.435364861,1.233572621,4.094958036,4.183044224,3.03291706,1.582965323,2.988685397,0.503008094,19.84830593
1.872543755,2.843798127,-1.235022211,-5.595224186,-0.828124685,2.643969575,3.24656447,3.818888341,5.256825534,6.470039042,5.588382204,3.987739628,3.093283654,1.249490826,0.854179517,23.42563997
3.014439547,4.421965895,3.01743995,-1.466060067,0.399204018,2.342560929,5.390728736,5.991663001,3.939796374,3.528019746,5.794715113,1.778827108,3.368995213,2.547323131,3.067257489,23.20120066
1.350136085,5.615262185,-1.277320222,-0.902221626,0.384717425,4.26529274,3.884715655,4.441110696,2.93541559,3.850788405,6.715386604,1.218961844,2.059115072,2.598275699,0.048873206,22.08898009
1.886310622,7.287618733,0.365712771,-0.053226617,1.467792846,3.140238056,3.126953318,5.447218455,4.427148023,4.787810816,5.050896685,1.342808253,2.485029436,1.904769055,2.690553413,11.31816604
5.035638156,5.50983229,-0.44842879,1.057158108,0.554657804,3.643067063,3.898078651,6.381900565,3.399343733,3.575598675,5.208672677,2.071236819,1.280842264,0.974740741,0.859689328,22.29213906
4.395577476,2.704121616,3.85523084,-1.030770113,-0.884470436,3.755013174,4.762481621,4.949754122,3.590401887,5.837578864,3.93481934,3.450370746,3.270815697,1.919638947,0.632287411,27.32930345
4.036046269,3.255471031,-3.150833769,-58.02277611,1.447296424,2.425019599,2.492752589,3.908931682,3.453581254,5.933801813,5.515734144,1.598212815,1.490964474,0.725983262,2.764513901,20.85801435
2.057187559,5.8574264,4.603941134,0.466625082,1.069315033,2.788924839,2.108103019,6.480972202,1.85610552,5.140914902,3.655105764,2.293708873,1.173425667,1.219030178,0.627204535,34.94793657
2.481797235,6.54355469,-0.399443295,-0.271738515,-2.622042534,3.127168832,2.862374345,4.813798717,2.976542472,6.269751973,3.86682631,1.758314459,2.33540571,-0.250468888,3.328388056,29.77835029
5.558615724,4.993570246,0.107307223,-1.399819386,-0.953361002,2.880722184,4.017089352,4.965645457,2.682806859,5.04996099,4.861203786,1.396261978,2.044128081,2.065688502,1.373912916,16.12259321
1.733600868,6.959163898,2.42867708,-2.371372741,0.842510066,3.726700054,2.77829609,5.151454888,3.777839355,5.261917979,4.044737611,2.302029982,2.383973473,1.0686065,1.372786694,44.9026901
4.162790419,2.513553754,-1.760526475,-7.903938697,-0.86098887,0.911728038,4.541875757,5.446102648,1.750433654,7.024786398,4.799833645,3.657128396,1.737523165,0.728967044,1.856052184,24.85942564
1.361411704,3.426146619,0.275014408,-2.219858163,0.306101082,3.905470585,3.92851031,5.47924766,0.917297195,5.879327658,4.504503124,2.990485255,2.614478219,0.741130001,3.142660031,42.45962929
1.742756475,6.49464611,0.074435265,-1.024813385,-0.428406096,3.682260913,3.637458301,5.531345152,2.401802036,3.336870833,4.286954796,4.247917065,2.716537044,0.13117844,2.774209436,22.91502613
2.615121371,4.779438102,-3.044481617,-2.904063166,-0.237055372,0.907145848,3.821826861,5.219118958,2.430446711,3.981049095,5.527137659,2.967883169,2.149279141,1.669556333,0.598804758,-1.641833333
3.928208196,3.236051454,2.779590427,-1.694963497,-0.164727637,1.60023946,3.59896718,3.084726676,3.655447095,5.746138611,5.105967634,1.621798192,3.102987524,0.028503585,1.13555338,21.64559286
3.377840114,6.852513628,-0.732844742,-0.512733488,0.292000485,2.104457071,5.15805822,4.122543173,4.060456054,2.761482404,4.729867971,2.88705556,1.359065383,0.122355313,0.587373341,17.75870281
2.789522258,6.010581331,4.855006351,-1.96517274,-1.406918519,3.67168319,3.070395782,3.160240954,3.389955642,3.031187432,3.569191012,1.972778454,2.617664585,1.68620143,1.269742894,36.49221626
4.498567083,5.81022516,4.173468661,-0.336951087,0.497762256,4.963338046,2.600684665,3.935173051,3.403511911,7.226450309,5.275347371,3.516167038,1.017159315,0.866924802,0.778151523,42.90587949
2.407876098,6.292083428,3.050914709,-0.438848315,1.544120172,2.827972289,2.786145865,4.919834262,2.534637035,4.170178566,5.970021883,1.008165543,3.713196316,1.595214864,2.973603532,45.10027857
1.000697757,5.249202958,4.536219961,-0.143863944,0.496803603,5.339472539,3.237995736,5.273243627,2.563333738,5.223024753,4.416102293,2.301339751,1.513974034,-1.432827989,3.649679856,51.84031453
3.824714635,5.31192968,1.501354456,-2.290248235,1.61269494,4.238824351,4.060548867,4.161554884,2.98007994,3.34269574,5.766370782,2.027022715,2.445609372,5.320717278,2.18351441,16.97517283
3.651259218,5.690540867,3.951594831,-1.23878795,0.63142936,3.414675363,3.868291279,4.533743369,3.36135185,5.195982304,5.311321923,2.148636332,3.917288044,-0.157858766,1.36576556,35.52936852
5.284095086,4.244845682,1.557455616,-0.119599791,-0.699988522,3.919990484,3.518596994,4.016205791,2.613581195,5.329966566,5.449246709,1.428513651,1.849053943,-0.366364817,2.955996361,48.40885467
6.12593591,4.98150535,2.60785345,-0.507087379,-1.071526737,1.375569403,2.922889571,4.48872594,2.443818864,4.440881278,4.908096562,3.567788365,1.741168129,2.104540546,0.230731386,63.63713586
4.619896387,6.518053081,2.45332346,-0.213922754,-1.643376124,3.318693717,4.167179474,4.473901898,3.183936313,3.94137123,3.93342297,1.716742009,3.191740393,1.552355951,0.831069364,30.29711962
1.3890447,4.206715923,-1.43181836,-1.975903502,0.562493719,3.958392041,2.093886009,6.276800277,1.436600993,4.582841417,4.121957075,2.120752889,2.211214115,1.442698352,1.80746922,15.10174856
3.905257443,4.242522463,7.947120653,-0.778982068,-0.688796042,2.284859037,2.001830863,3.154995657,2.828798961,4.730312657,4.325705971,2.17531645,3.335372657,1.540287392,2.100983901,58.51932876
6.481591604,4.56541322,1.250634979,-1.30864252,0.256680888,3.534906244,2.54320297,4.344527155,1.351619424,5.41229149,4.823426987,3.130606772,2.493428922,-1.194516929,1.707195375,44.10971678
0.027042007,5.158321314,-3.082263719,-3.671076512,0.550487232,1.749253924,3.159817031,4.50834168,3.279215581,4.934902545,3.901879107,1.652767796,2.440208025,0.919106805,3.015024947,5.430873567
0.280762809,6.057766426,3.147746086,-0.691713863,-0.053832092,3.806627682,2.852338463,1.944804964,4.161824574,4.867991523,6.502291132,4.507579373,1.890233641,0.731287331,2.378191029,46.24009182
5.811216929,5.54999505,4.000002519,-0.411457503,0.424050492,2.880875701,4.064322548,4.954639212,2.544119749,3.425268798,4.034215603,2.803343118,1.768044748,1.023276193,0.634582658,36.56894747
4.160142336,5.242159106,2.774099553,0.797957702,-0.254815013,4.075376208,3.532232953,5.590156627,3.332377153,3.239664712,4.890640213,2.603366862,3.139088068,0.937935248,1.42872844,33.71218032
1.846208011,6.487873502,1.57318521,-0.502665465,-0.869169144,3.289276954,4.284299968,4.000573509,4.659858592,4.496882525,5.978172096,2.762836551,3.011715466,0.568048283,1.461968002,28.528578
3.418530354,4.886217408,2.405031328,-1.371578853,1.334227678,2.388751792,4.778469814,4.56270979,3.867741173,4.85301609,4.484235413,3.845446096,1.606566723,1.070818135,3.137429595,43.27229669
3.548010535,5.072137233,0.536445383,-2.437871669,-1.838090347,2.065113322,4.515466443,4.504965584,4.367495095,3.79424528,5.016205597,1.450398403,3.33716033,1.315683194,-0.116443732,39.88168785
3.14530724,4.867834064,8.118040935,-0.051548423,-0.140214926,4.071816403,3.768394537,5.727505136,2.0973479,5.871557829,4.855385719,3.024728852,0.740092261,2.219809289,1.484096191,51.13595347
6.08161777,5.796292421,-2.474597929,-1.194264815,-0.103836592,3.944492837,3.00181684,2.892428535,3.267701526,4.479958932,4.775321397,2.361905177,3.915323349,0.759329928,1.36980603,34.28703684
3.538979464,4.898424773,3.786970746,-1.002372591,1.619570391,5.004185652,2.604339746,2.512759844,1.736036067,5.328729766,4.984266064,2.095504378,1.945071036,0.612167568,0.498008129,29.63346481
2.397678879,5.358925139,1.887100034,-1.614394456,0.300996434,4.941354419,4.525304514,4.518690363,3.276358048,4.724357784,5.883507124,1.857349781,3.195211572,1.154338321,2.157446472,20.02947734
4.931571212,6.103079979,-0.418164422,-1.51375633,0.534098167,2.32142067,3.026262228,4.241536486,3.219390706,3.473236897,5.78288059,2.151262393,1.985588084,0.843112148,2.657460099,32.49479845
2.315996678,5.281924813,3.720839501,0.321914941,-0.908791658,2.907911092,2.633632774,5.01335438,2.846639576,5.614975425,4.532342049,3.559155904,2.379214048,1.78969479,2.240552277,34.47158221
4.414968663,4.870028422,6.827505211,-2.416518098,-0.517845278,3.774331059,3.179802473,4.571077374,2.965485812,4.540551596,4.463450677,2.270571859,4.315959072,0.263426092,2.806221312,51.36228559
3.340034431,6.075516464,2.65094025,-1.029864156,0.896783986,4.226631324,4.989855244,5.851184462,2.131356566,6.413340745,4.621123929,1.631756531,2.040378967,2.165459067,1.955997215,39.03426798
4.468133694,4.564076186,0.250085188,-1.767398474,-0.134530428,3.395476028,3.336891121,4.389076953,3.316762942,4.278136175,6.422934193,3.15559375,3.481597588,3.223466474,1.872278102,19.94098622
4.783330468,6.661294863,-0.797854456,-0.56236816,1.962768722,3.35604434,3.849806022,3.880164137,1.68726483,3.825917519,5.827394681,0.453668329,4.293519092,0.333454496,0.801835451,18.74635223
2.522896867,5.616753458,1.01740307,-1.219269044,1.509326667,1.142114666,2.442764251,5.446384097,2.968552071,4.286499094,4.679596511,3.010954137,1.563286586,2.570353368,0.671048572,-0.751684963
1.258767228,6.512273714,-0.079156214,-0.858422299,0.072504334,3.988390733,3.923160716,2.384671914,2.091043449,6.150421771,5.194241916,0.79579472,1.891093056,2.219647076,1.735093019,21.22831485
4.787012186,4.460778272,1.327769173,-1.430918359,-0.033025929,3.307084504,2.533857295,6.232400622,3.356378026,4.819148582,4.910684229,2.602497571,1.92841107,2.296675235,0.122425414,13.19120665
0.50015348,3.302166421,0.9636618,-0.288931212,-2.542009486,2.888194182,2.042142158,5.165390279,3.914724182,3.872526273,6.924507553,3.518625391,1.967617571,1.526121087,3.156696099,3.146855893
3.625427894,4.467357652,0.415252925,-1.788406525,1.232389498,3.284948873,5.399431736,4.462468562,2.224869727,4.734736543,4.66443621,2.7043201,3.065605661,2.491796915,1.665035878,4.779628388
7.058976013,6.030380888,-1.342016782,-1.308537545,0.217418527,2.374462403,3.256217667,6.116831668,4.01604758,3.205736119,3.855377123,3.131696343,3.464028667,3.554532092,0.443777806,32.33294714
-0.185222641,5.548010289,6.216691793,-0.913275162,-1.368493146,1.921519416,2.368450235,5.795468348,2.467325771,4.906064135,5.967751327,2.828354425,2.184859972,2.765972824,0.351274443,54.058692
3.112707184,4.92280005,-0.086293561,-2.151135513,1.319212674,3.200687755,2.333841825,5.174471956,2.800487539,5.340189898,5.494410341,0.974801114,3.294297437,3.196493576,3.079739801,20.91248908
3.914246713,5.600584356,8.245587675,1.259177641,-1.125305961,1.070213945,2.505287425,5.464797914,4.086740352,5.25654901,4.355836848,2.983513477,1.913614178,0.784900158,1.573978041,23.66756105
6.712375874,3.80883397,-1.725716685,-2.781815324,-1.00162978,3.499766059,3.701493799,2.814667166,2.377093113,4.327109979,5.294036503,2.560147995,0.640895879,4.139985044,2.003443622,17.28685612
1.121864505,6.123159232,4.196080912,0.761212144,-3.256989485,3.090113593,2.831989032,2.589134885,3.228062875,5.413451901,4.577259068,2.092646946,1.643829398,1.368744258,2.604958663,36.55328933
5.081586716,5.097089744,2.249457395,-0.749016389,-2.416122327,4.008435547,2.936978496,3.785900094,2.50094009,4.894033013,5.62631285,1.679041059,0.779990173,0.129650157,2.859389683,26.20284563
5.765530519,4.364695465,2.116047493,-1.498740253,2.204634428,3.747915447,2.252934601,3.815967331,3.151559776,3.577635974,6.062214357,2.156119439,2.788940074,2.234046885,1.721921623,43.50377067
3.010546943,6.100767305,3.221768682,-2.398763117,-1.798093158,2.996387685,2.850504654,5.080187864,2.919062132,4.106373357,4.208577109,2.223032035,1.126286569,1.936321646,2.106682362,45.98490908
3.622308262,5.480331317,4.548919415,0.453656051,-1.44513683,2.433109228,4.064598757,6.319174204,2.424103365,5.34427402,4.890879446,3.271854218,3.617748832,1.780715184,1.336763692,10.47600915
2.331531929,6.467674377,6.543716983,-0.41536712,1.865413818,3.089390548,1.934381173,5.290882998,4.429865446,4.45916143,4.291010275,1.319010721,0.694478028,1.395142846,2.35564981,38.75880715
3.743950292,4.185792989,3.528247968,0.125210137,-0.494233056,4.128814364,1.636059314,4.439046951,4.409487502,4.85799273,4.416797145,1.19586766,4.460076097,2.007841745,2.917455142,37.5052453
3.067936331,7.952203487,3.542903544,1.357712762,-0.066502521,3.599357502,1.206681016,5.087664872,3.238079986,4.532316683,6.265444996,4.042618659,0.859073224,1.689323447,1.640104073,16.26700024
0.945143236,3.222654333,-0.716910868,-1.846284458,0.064093748,2.859241748,3.269136691,5.392248769,3.775748355,4.578576746,3.455352321,2.819860009,1.513114611,0.583126154,1.731653323,31.59613812
2.508954788,4.868768039,-2.10156192,-2.368452396,0.380001572,3.427603058,3.883343821,4.97497944,4.290311205,3.423923654,3.860744631,-0.289672689,1.975937318,0.896332857,1.79958341,10.39673565
2.147090224,4.801040188,4.371778744,-0.615679949,0.700388616,1.697553425,4.523572626,4.757603746,3.185745478,4.754541049,6.064719104,1.88760463,2.324267336,1.509132886,1.666555489,15.31794301
4.43275013,5.54365454,5.766616289,0.239474256,0.164414726,3.198181175,2.410476059,1.518172164,4.72163326,4.077362955,5.746130169,2.440980534,2.426952741,0.784069115,1.710121734,23.87055785
2.398762324,6.844713719,-1.088163643,-1.160102133,-1.939771743,3.22194415,4.090496119,4.159485971,1.610565815,4.206455162,4.207608477,1.488774694,2.95798804,-0.489170355,0.739803848,16.33474476
1.302403689,4.293501134,5.001528983,-1.202858916,-0.778644239,4.581531234,2.005982609,4.620972471,4.751966562,3.808635439,4.808060115,0.859074267,0.780259034,-1.307779514,1.660857967,35.36024338
6.02024897,3.458613372,0.353030025,-0.651926905,0.172985975,2.356450036,3.235628314,5.832188136,2.499170456,5.298154343,5.850177373,3.27705837,1.756020811,2.528019694,1.669897717,21.86341153
3.43905768,4.548116499,0.610925633,-1.82417231,0.710936832,2.33325536,2.629508216,4.418446571,3.265712329,4.827666779,4.949616801,2.791933457,3.522347124,1.542702464,3.136553529,-2.483556879
2.963440542,7.40810856,3.133168516,-0.852669675,-0.948488281,4.02087585,3.284784153,3.133732848,0.119970049,4.442424387,4.065485521,2.955681738,2.118184274,1.097617472,2.066288135,21.41305168
3.971604962,5.501179996,-0.388357113,-1.326100937,0.097463772,1.519911312,4.200543531,5.590291757,3.575095084,5.340561018,5.718333734,1.473177513,3.13286489,-0.234515134,1.963191625,39.65557631
6.105956783,6.101059776,7.282154129,-0.888668497,1.01464454,3.4811235,3.312646013,5.697703795,2.207239331,6.13486833,4.374252608,3.215409325,3.252461255,2.13495103,1.11918578,39.89991195
4.172571676,4.570294246,0.052711273,-2.648542739,-0.736715674,3.35838752,2.800540658,3.262457832,3.143727798,5.632604637,5.437363804,1.948609067,1.545018263,0.208480156,2.174619422,39.6397679
-0.604946297,4.145024607,2.780316786,-1.566710632,-0.208907951,4.598530859,3.317055539,3.1597336,4.396417935,3.180851777,7.540886827,3.216907285,1.492805124,2.110014269,0.481146146,27.89651719
0.015904487,6.106257759,5.539631845,-0.36179311,-1.007269922,3.008772572,4.341460371,5.334653405,4.145345067,3.340891813,4.47799085,2.18766309,1.424266658,1.710170324,2.634868015,22.77207655
3.253819268,3.995943562,-3.407595626,-10.2187688,-0.439110368,2.098564501,2.126316864,2.75678699,3.548847672,4.115887276,5.350626076,2.48912523,1.093962041,-0.351301894,2.687519263,14.3655016
3.675369053,4.121700491,4.723217231,-1.060377673,-0.224190313,0.602521238,4.79937023,4.810731767,2.001767563,3.973770616,5.391811617,2.633627923,2.966837318,1.298790812,1.259554556,44.72294208
0.203115675,4.451239663,2.271900533,-0.661780296,-0.890465378,1.959733011,2.524936691,5.226610025,2.204817443,4.299375564,6.618111464,2.454007511,3.451974482,1.526070363,1.578143937,29.33426263
2.769352783,5.680507328,9.164322248,-1.340583687,0.156364824,3.356572256,2.294780395,3.653526096,2.275769592,4.11656841,4.27173403,1.588872976,3.536879533,0.773022226,2.384891315,57.96963694
0.924935014,4.52648755,7.762070151,0.63224619,-0.032620624,1.74273233,3.298903795,4.901439613,2.846147142,5.076413839,4.094184149,2.375100897,2.163814963,2.243723003,0.24509098,44.08668852
2.005453612,4.79403993,2.83796185,-1.065076027,-0.020738966,4.125064746,2.798680506,4.009336614,4.194505195,6.392434576,3.804124107,3.156827581,3.219324826,0.694378498,3.678600454,10.19180759
2.313511065,3.029110618,-1.964161943,-5.674855346,-0.869650445,3.953072629,3.655702967,5.831838279,2.057978442,3.960045876,2.897172078,3.555373215,2.968699694,0.965473114,1.299399098,4.044254262
3.043749309,6.100480879,0.634127795,-0.443881411,-1.19323784,4.407502342,2.458656609,4.857129984,1.540471854,3.125533954,4.551593179,1.878483649,0.257834468,0.172052197,0.780251002,31.92701593
0.186845266,2.638651517,4.198241068,-0.276608715,0.246730357,1.110379022,2.625816289,3.79869383,4.344809012,5.317455549,6.867722887,2.574527234,1.420463846,1.516023193,1.57608816,37.04103779
2.576774789,5.979874375,-0.688799391,-1.867647846,-1.692251072,2.935432478,3.034699334,5.961117326,3.793682359,3.196989527,4.851399412,2.756274908,2.730093852,1.400822052,1.774200442,7.988629861
1.457459812,5.729979816,0.247763759,-1.020825493,-0.774668377,1.97571824,1.460890006,4.837853788,3.900840015,4.571856082,6.323938314,1.92213304,2.290339109,1.466090408,0.242373112,8.695881383
3.186561528,3.54075903,3.149244888,-0.461346906,0.597752229,2.065519221,3.838225112,3.785377846,2.892128087,4.204595977,4.214413137,1.730318433,1.743978055,0.453230582,-0.00263198,17.02097263
1.45142431,4.899323599,1.069225151,-0.322698309,-0.875863323,3.848951907,3.763547446,4.468109102,1.762728721,3.260303569,4.887529897,2.645159185,2.69077789,1.94392183,1.774361662,8.337984256
1.091558267,4.794859205,3.865248686,-0.891674704,0.56740893,1.323851378,4.335786652,2.437132935,3.81999718,1.492134606,5.913787061,3.338767834,2.586810384,0.903145722,0.08255492,22.86812004
-0.194144558,5.491745488,0.292662312,-2.497626498,-1.2015661,2.787537236,2.839870669,6.207661783,2.766237633,2.662143666,3.899537392,3.595036832,2.170411329,0.282712984,1.762432092,54.60251131
0.460618797,5.269067692,-0.703557721,-0.289636124,0.358092423,4.167991555,4.110260618,3.959511372,3.205678533,4.32715536,6.264430711,1.531264781,3.058169273,0.452985338,1.014683424,44.1252859
4.598681526,3.67582361,2.768065534,-0.122395455,-0.359826227,2.494248881,3.422166832,5.775850783,1.181237301,4.483207987,4.196389083,2.566455115,1.867355807,1.971537186,0.269162889,38.01542865
6.137503043,5.806322499,1.931605829,-2.220894814,-0.081490317,2.515080428,3.041935073,2.854368084,2.04756234,6.095851405,2.579335826,1.564521685,1.942436971,1.403608473,2.85602729,46.19588325
4.499714195,4.779617651,-2.380328886,-4.662463701,-0.683593067,2.876058919,4.076274542,5.557003262,4.46715092,5.84793273,4.749006642,1.506887379,2.572341446,-1.047977043,0.721060355,15.06781719
4.778032972,7.019819869,5.145488204,0.139683007,0.510439328,1.897964197,5.013522305,4.188298824,4.426260774,5.458257861,4.573267306,4.418458371,1.543921224,1.061407147,1.518081384,45.81843608
1.643799804,4.168932585,2.295728631,0.438334138,-0.150982065,2.858608269,3.637349973,5.117874022,3.571539154,3.867315226,6.134393878,2.128708629,2.088981287,0.397959291,1.127900518,19.26022378
2.097461351,3.455466804,2.781469119,0.0854927,0.269953776,3.101629418,4.525711953,5.511771641,3.673741372,4.541651009,4.469840002,3.176896611,3.224120562,1.655805667,0.361962642,21.71521857
2.485477272,2.867224568,0.140249289,-2.520678706,-0.33369625,4.614214751,2.990658174,3.875090597,3.034395232,6.900664415,2.966979875,2.064087636,2.328314576,1.104731755,1.20283304,18.86299002
-0.35589486,5.470813455,-1.271350979,-0.75424187,-0.462312965,2.853380993,4.844862568,5.131206085,3.415332788,3.341823496,3.749877336,2.074623546,2.311714721,1.27490891,1.303557559,0.791805673
2.864056225,3.63713384,-1.806438743,-3.916437172,-1.666360719,3.072400743,3.934028993,5.392332795,3.677732568,5.231290865,3.69286763,1.869379877,3.83884485,1.902254257,2.02757822,0.261300886
4.189857433,4.279801001,2.191239125,-1.820308497,0.830332953,3.350522025,3.795490406,5.170980965,3.72872063,5.339441738,6.379277609,1.317722105,2.18260789,1.513219791,2.324288213,13.49088932
0.772554875,4.727360985,-3.305965567,-4.547811428,0.871702066,4.386776113,4.207489258,5.310838962,2.077856004,4.637646191,5.318606087,1.918140924,1.871723647,-1.021286608,2.055560437,-10.743512
4.648273425,4.085678342,4.592639782,0.806924625,0.649625039,2.966022514,2.846132618,5.32619753,1.954005482,3.845432032,4.377350651,2.438976882,3.592394393,2.428816578,-0.110065797,50.29147247
4.743113675,3.795354094,1.216399796,-0.965628224,0.334131068,3.71181514,3.228508926,3.423148177,3.590010099,5.030504233,5.054771901,3.769620525,3.456510345,2.120771614,1.313826186,40.79593303
1.91819811,4.766755197,2.378295844,-1.041093928,0.042848504,1.443886796,2.826241056,5.815524254,2.989528055,4.962783531,4.928861745,3.524915437,3.783990594,1.043343746,1.622439918,43.87190241
1.431359455,6.072216046,1.158196355,-1.903773038,-0.077755973,2.802043189,3.071663493,4.599169981,4.379780261,5.323758104,4.835767926,0.807383985,1.854991101,-0.136719384,2.850415556,25.53041272
2.353959069,3.728691256,1.545147162,-1.447383043,-1.260097204,2.360476374,4.746003729,4.138480933,4.613374177,6.117378303,4.773174416,2.544094762,3.429698207,1.985309916,-0.55714002,23.30309172
2.996609914,4.340674294,1.998226436,1.044052878,-0.502195393,2.794544605,2.661478062,4.719405949,4.532783506,4.841171823,4.835842644,1.66061086,2.685028488,-0.488320753,2.212610375,35.10291861
0.384253024,4.710050359,5.834303054,-0.630887091,-0.805449982,2.844601974,2.224285918,5.20572016,3.799599608,2.706679307,5.393214682,3.451773646,2.093119034,0.62897009,0.298219576,41.3247393
2.102791652,4.969636158,4.602834231,-0.015004102,0.054798603,3.818626349,2.891632186,3.322350855,2.162656383,5.134473124,5.902476459,1.762631631,0.354560783,2.030708212,2.257930981,46.28771318
4.365847083,5.916419087,4.352189855,-1.570270331,1.214385738,1.784045562,3.202022704,4.00719605,2.880789904,2.668598701,3.066557923,1.838104394,2.788720937,0.832117987,0.229858841,65.80057955
6.177501302,5.432877961,1.21098115,-1.481779818,0.073743271,2.026737968,3.093357308,2.898801752,2.265245394,3.437830413,5.817288138,1.345747394,1.81968104,0.636698085,-0.12052977,5.220429138
4.509015289,5.596007396,6.113602334,-1.383843212,0.022393445,2.607939197,3.021498069,5.110385784,2.187943871,5.144954152,4.435882277,2.351830494,3.942994014,2.516579123,2.695594182,24.14000719
4.444282119,3.280249283,-0.315914683,-1.855939812,-1.117101791,3.235921255,5.369660782,4.796426926,2.850650497,5.897356553,4.360565473,1.348237796,3.589154412,1.646103383,0.527633178,8.541779602
3.348422667,4.919115618,0.304415197,-1.363487726,-1.076349301,2.982737374,4.116249471,5.550305412,2.279215885,4.799529788,4.006150424,1.588558306,2.446383861,1.916900849,1.097180077,29.98867419
0.98472673,6.322924897,4.319308009,-0.406520832,0.224929685,2.719286267,3.074154774,5.230477313,3.931292382,3.787011673,4.12153212,3.486492044,1.375643314,0.384940893,0.601739751,59.90068711
2.935184537,4.521638887,-0.524893091,-1.201759243,-2.00763895,0.561401728,2.13641717,3.422785248,2.332002859,4.18404711,2.756392852,1.374450529,2.365947358,2.390822284,-0.449694819,-1.984233221
2.685004282,3.892653061,3.147269802,-0.457397604,0.618908685,3.51518694,2.784266106,2.928280137,2.918630912,4.427982463,7.36553779,2.288132931,2.717167174,1.499457945,1.489258675,26.94285948
5.946837409,6.595445364,0.071701611,0.891063734,-0.153240269,2.766927307,4.396134393,4.464139392,3.575334134,3.606063472,3.776065247,2.331901117,1.440949828,1.653318124,2.290390519,37.00998994
6.14545147,5.061621403,-1.341831822,-2.937411527,-0.266166793,3.381037922,2.997354204,4.361894381,1.493650465,2.909392589,4.628615717,3.259511127,1.609326969,0.152722442,2.162205674,-8.721217943
3.374904449,4.000819713,7.806082732,-2.344774358,-0.144103119,4.733298006,2.898152976,5.555054535,2.919314099,4.1256787,4.992038228,3.162892094,3.014344401,2.379929181,0.152412372,26.88320457
1.237994036,7.326633634,1.101650798,-1.088556336,0.675256989,2.426652585,4.21181327,3.728923586,3.907468757,4.225942547,4.262076923,1.604454535,2.169083882,2.846662041,1.889778746,16.46347703
1.93473553,4.623406143,10.12028239,-0.213916882,-1.303278352,1.55066225,2.531621944,7.4506508,3.547506936,6.557400879,4.511370528,1.736938836,2.589936894,3.343348208,1.437190641,57.79235186
