"x1","x2","x3","corr1","corr2","noise1","noise2","noise3","noise4","noise5","noise6","noise7","noise8","noise9","noise10","y"
1.49780764946854,1.289109546061,8.80271441276422,-19.0744118900867,0.0105484654836832,4.46121513408267,5.19535693258869,3.20643765173184,2.18304970183893,4.25847318069525,2.31712246045317,5.78652765802689,3.26478353056816,1.77889259488552,3.22317898026902,26.7385751321452
2.1315311653273,2.96287057011356,2.96224909154848,-36.3655535517821,1.77890075946676,3.83682390605781,4.58489037250793,4.76675452370169,3.48065995244588,3.86703439890068,4.26040883465736,4.84321416908907,2.86342406591511,0.372381919924976,4.3253184986855,18.5375737384801
1.92108291018113,2.90977782706203,-0.755655289546099,-33.6808727608965,0.65590834903101,4.86410787210939,3.94891542912755,2.95094935028257,5.83205282370733,4.48586796741085,3.25529553942442,2.91650584881243,3.69251647424339,0.66423377970124,3.66981394846553,11.2139438804234
2.88678480941784,3.69742469327543,5.32438848863519,-47.9064519808285,0.53364314863576,3.55035129484809,2.41153626480724,4.53470495809705,4.17537685565559,3.19558589618446,2.35593494600119,4.41379887601799,5.49897410311141,0.312923734021492,3.48687069427798,26.4218183760955
2.11697127051084,5.76536530667377,5.4116698897343,-55.0088354096537,0.19081300260224,2.98399369212275,3.4687171920535,2.89801036111071,3.85293552812625,3.88808222149781,3.2379285785239,3.52719955338879,2.18810218219637,3.58330510184745,3.95331665437451,28.8473564761581
2.31863008761703,7.06379942069899,-1.49628705737653,-65.4060201694912,-0.140141084819903,1.98665649172233,5.00422904350025,2.51528441742676,4.09851082221845,5.95743370632199,3.24585865507059,3.36101140575824,1.55100909941681,0.582832651771786,4.07623635120886,16.1867281371602
1.41820931528409,5.26214994719215,4.75756647298213,-46.1961888722612,0.474747838275451,2.69067681083817,5.59768656606479,3.15082564625666,3.60195577995909,4.09542333155116,1.00088408822787,3.45005551287386,3.13840249448946,1.02893329228174,3.51422945701233,19.9065131372423
2.71453271089157,5.75438346767659,0.47803061286072,-59.7736955825376,-1.1767940464604,1.80626545111777,4.21463074146541,4.33292854228341,6.9835000442041,3.99419155090699,3.22475933815139,8.07781522476168,3.7201055557434,2.1322936269386,2.80502945096491,24.7484608258542
1.17474057413723,1.22460983596559,0.678046962563307,-16.3010380712845,0.862579959953294,2.10837032252503,5.47843584824359,3.48001464312515,5.36003533957747,3.95373720718221,2.58663419876422,3.7545261462425,3.65227303537503,0.556170113820982,5.07847618523881,7.28401334454631
1.64013786860453,6.04043880604842,-0.625652667899958,-55.6342083098784,0.113989980580503,2.77504220628827,4.19982398733203,2.27530570778563,6.45153405869385,3.00589859267592,2.68619045740247,2.63114893123246,3.35831306341287,1.11350315446432,4.93258768784023,11.17683867357
2.08988614377753,6.71830632281458,3.05647314483263,-60.3934222201109,1.18628904766763,5.08532639594302,2.46242337564133,1.97341062201046,3.75022211385799,5.02370262187354,2.45851394983498,4.57494737245387,2.59136603631072,0.759758228935622,3.12084251268183,21.487811448247
2.09627446028513,3.39502268982027,-1.10199661628627,-39.0999096411242,1.77783015720698,3.52243117323173,3.81961821581289,3.37716687048222,7.34168295503811,4.54212358288494,4.71729237706644,5.7609196562489,3.86988996405191,1.30396656767282,5.41523384266173,10.6145627032896
1.79836604781665,4.01607896681555,-2.9703267658212,-40.9084037850923,2.1143156201067,3.69743126952662,5.02051745502492,2.37842164296644,5.82253280318833,3.33672082219359,2.0035911627337,2.58874677209401,4.6060799353726,2.56776676250025,3.99896631788571,7.58564416156304
2.73984049987843,4.57809136414806,-3.46858539565974,-50.6438560438359,3.80845976775403,2.67050168872511,3.6227338096629,4.19995556722888,4.53702411307334,1.56527917218358,2.39456431293067,2.91352975960726,2.47196380178503,1.21803554119144,4.39995936595887,10.8995046213681
2.12337950108887,4.07264678229557,3.20152674039059,-43.693114060664,0.789196766158822,3.08104797980152,4.37278980834825,2.21248595335151,3.57107040941599,5.19873692867107,2.79074672027652,4.28002969818269,6.20997364370312,1.89779609126794,3.61990863851745,24.1734428175056
1.97068329077065,5.59895913441242,5.58076064433605,-54.0802606645948,0.37276172223992,1.94107177356698,4.98983129925148,2.28558410394942,5.94282075146489,4.4952893723848,6.17911862551524,4.36314997263778,1.56793371228738,1.05619722765957,3.9553504209657,24.1233975815547
1.6111457530965,3.78905234665066,0.650134788401735,-39.1241424489409,0.63881368994479,3.26077365162406,4.08522034175399,3.43652065271617,3.05886693534062,5.86872125563385,3.18353528119788,4.10216751789998,4.94571090012782,-0.279435312354682,4.73611716067247,15.6521748020401
2.51085625736992,4.12197573036128,1.33145858991555,-44.3530928593428,0.422916232535352,3.23536359475668,4.97850050248049,2.02525006652672,5.00976337105952,4.13812249977995,4.79332966577984,6.02299874748928,5.63124980136005,1.1054631370157,5.18554067183207,18.8525155509828
1.08618581463081,3.55849273973184,5.12085216421481,-32.3153467679805,-0.731671057819625,3.92846909420176,3.60312147036916,2.21253041055792,4.95413552996751,4.68110302801528,3.76495209925058,4.28757946565566,4.12848157432334,1.56631839044526,2.20013219152397,17.9856455370238
4.31029682277906,6.56161006070429,3.57470374120022,-75.7696899299712,-2.19760443556086,3.08905630573397,5.43440945001037,3.9983903072378,3.26367258495958,2.35224336825052,3.64250749951588,4.94805740186146,4.16878247746341,2.46790597875007,5.35080510901851,33.2341617835236
1.56191001887268,2.55543144844807,7.91903418119152,-28.3209164261836,2.40865188956874,3.01010361677473,2.98072888012671,2.60717760184494,3.56448160682399,3.26520581170916,3.17668460249754,5.3479804122832,4.37591875834989,1.09444125260798,3.65157510260267,26.0992197365885
2.76406061641044,6.78238807283746,2.4733890561254,-65.3530750810832,0.471298059347989,3.20217280754816,1.71222174008933,3.444983476327,5.63037580984151,6.26704469079004,2.1679525800836,4.26454363249239,2.74114460721332,2.32331249788838,5.03778346011456,23.7540471718238
2.26196129139288,5.50784568577107,1.91259570553284,-56.3943675218922,-0.0672884934019953,2.20590616232768,4.91128734179578,2.58416098335574,4.88095248464542,3.73344224201384,4.13842891605945,4.30415140091887,5.28043419289544,1.42753710032195,4.60192652324055,18.7810959549134
2.77340459677845,4.86836714668015,9.48474612992896,-53.7751324325346,2.35674749780627,4.8928789152331,5.86663081041924,3.40658614641267,6.63712181505113,4.32160834100617,2.80372711061349,4.77813951216971,3.90032762896996,2.01937618507751,3.41160617153443,40.2084141748612
1.18562087512455,5.40293206471594,2.60978143850468,-45.3703630813126,-0.596780986470331,3.60097536696463,5.11934574597668,2.63331996866561,5.28308594728526,3.34176264085928,1.26469926614115,4.02268265031063,4.27001944985366,1.39051330363153,2.7089549439347,20.1505260967828
1.56154943092539,9.95540102769077,-0.938913274256469,-79.5838916390254,0.418393431898632,3.78276321135064,4.32399447007579,1.70712957168142,7.00845849436694,5.83372983463232,1.39048685020566,3.87652921412643,3.69572066139264,2.21400344097381,4.16929064384261,14.6285130248126
1.27977844978392,5.94350558942253,4.97927156011738,-49.4465005907466,0.66214140727529,2.76360750432076,3.56131075576699,3.79280899456548,5.45569223956068,4.79788461613636,4.15704123564116,5.95209427652458,4.70146236046755,2.82731255024751,3.15666221177414,21.9183647126358
2.23094453225263,7.65239616548866,3.27540964215736,-70.705056845591,-1.07417560868315,4.52497427132285,4.69097108606963,3.9277328463479,6.67391927237594,3.93634572018611,3.00831456740788,4.36662990640985,3.99207700240161,3.10102451757967,3.85718103803806,22.8723206728875
0.842270537600167,6.33719697016641,4.3442169082797,-50.4622743481385,0.436114179830825,4.12530868251299,5.28507951906061,2.29284632126034,5.26371159233584,2.65639714569064,3.09601611573615,5.24623765735063,5.12403058776463,1.92650131854878,3.41666265544224,18.8495291966586
2.24707599272882,4.72521117333689,4.63225076884317,-49.1991299312907,0.604602534828536,1.99137496204086,4.90695177173065,0.748606314170769,5.66757436488948,2.16850203736188,3.51930629005551,3.80506433579423,3.76772225051653,2.50150122246001,4.7260763916047,26.0840473760723
1.90888643852718,2.17765660742706,7.86233223937996,-27.9171302775962,0.00691711454703356,5.13981361864983,4.40177035758017,3.94437525554613,3.80864565318127,4.07789611300543,2.96279478102674,4.66649602723065,4.27892978005474,1.48264176794411,3.5411753476522,27.7336107307991
3.75737562202805,7.40072620963254,6.96387308173966,-79.079127163746,-0.381900487182423,3.67158165484913,4.40468716814232,2.97170987123928,4.23745856003292,2.0976389553167,4.23848903453349,3.72401631369276,5.31448900004692,0.76949158460152,5.27646755202029,39.6054599499239
1.86207038826885,5.59818021571849,2.7064748277301,-52.8734305298234,-0.0205990219426731,3.2926903297119,4.05088022600369,3.72918819880357,4.42501263236736,4.40120555422279,3.93351674202749,4.27378724102585,4.21093959576431,1.31063407278969,3.47122932525192,18.8804541462898
1.88880650471757,5.91245376504665,4.15270061630779,-53.3763133600091,1.20653749133893,2.82142175092538,5.18767050955587,4.98225255675573,2.78996512162931,2.11390209939957,3.34687423026715,4.56862759365333,4.08365861171299,1.66031628941883,4.24409476567792,23.9529042447328
1.30998567943058,5.87615688834101,5.32512562576209,-49.4157760747625,-0.663839290652111,2.93262087800074,4.90441902140109,3.01386044306114,3.06616833896245,2.81474733975108,2.1862135287807,5.9956952021227,4.02336572010081,2.25565393678912,4.52688409186787,19.2197011220424
1.77820576998031,4.56995772380396,4.21934438780773,-44.2515818316323,-1.25924857544802,4.12739836402794,3.51050557784232,2.49230627573814,5.92606337026531,4.59127592384887,2.21480045503405,2.52516256364959,4.03381029191264,1.84938455776257,3.4094549906866,20.3267377742867
2.1829076835947,4.37575504788775,2.91965059834656,-45.3937197875604,-0.860064714045578,4.77276230970234,5.0837377827422,4.36340239557777,5.30415546738735,3.94692804027214,3.63170378266417,5.39502415267031,3.44099613776114,3.54989805640948,2.73062337188149,22.7100217719857
2.41732328622675,3.61473916185024,7.02317896062279,-41.9626418662457,-0.668913645444031,2.2555339258054,3.67938358420156,3.09910340644618,5.73974182049228,4.72654954969839,2.26649538276311,4.77111425323915,2.69543868857431,2.23408915551616,3.54275358654375,28.2577068468764
3.06540232704555,0.207540633373926,5.23472779750648,-22.6241729583862,-1.7358873394936,2.23222490962824,3.83851121511457,4.19232818701196,6.00904113918294,3.33032237988961,2.87900577833879,5.2365059328713,3.62570425419245,2.36869160185319,4.07875747586615,20.9987846648786
2.97020201734054,1.83145013270413,1.65999334287024,-34.160064841598,1.38762594769135,3.62683381664929,5.90961390339062,3.98219975626647,3.75594160090935,4.89612061866685,2.22842778569413,3.97924056987949,6.23147328638136,0.308045390476427,4.40580493490087,16.8815288003977
1.89837076153837,8.51749646671676,0.789508961438351,-72.242261493167,-0.47807965301846,3.7529798102692,2.12578373750586,1.56391901138347,6.6435244847093,4.14951192361197,4.37533641620558,4.63970374706288,3.3878628407279,0.731093528390956,3.38433784112125,22.6421274656642
3.40320348855821,0.274226422692939,0.448279771939698,-27.0072450575159,6.58577203303739,1.71973940280826,4.13803303938497,1.92187222441111,6.18609276767422,4.44369035255149,5.0754413689188,5.09240544400421,4.55755684773639,1.92106208255041,3.61726958565507,21.9185795188057
0.223224367705355,5.78634413521296,-1.02022232458845,-42.6755180090802,1.3576800194829,4.4337646818761,2.71757035130128,4.26875848147515,5.2978449819967,4.57731563516274,1.43395815444162,5.14016694524549,3.72459236936577,0.796543396013325,3.64658824790758,1.2131276900186
2.62286739099101,6.13187572922527,4.97483355776666,-60.0455272256066,0.705878311736746,0.49395742328843,4.78833460281536,3.29788164630037,4.05747579588891,5.09675869566719,3.21024846721845,3.03161221221838,2.21798517601024,1.26926419666461,5.05322751825007,30.3239286840567
1.47771664872299,2.91201925895461,1.93093519088374,-32.3673502763864,-1.1905704089177,2.39215716062479,4.37136066091148,3.9998603585222,5.29236891674318,3.88795457589828,4.37285295100636,2.82740107591878,4.3043053388346,1.10550367512507,3.15122944206269,13.4392373187392
3.3222309556847,7.04622658532576,3.14832520912157,-72.6993125906921,0.64867787221725,2.20067414761072,4.23949378507155,2.97470636171981,5.82792001715128,3.18548329322467,1.83039182531206,3.53871603617655,6.58697665803737,0.421145451473389,5.49395474602566,28.7854158653731
1.63655967315534,3.97467197195903,-0.256023425145133,-39.8473372696633,0.178534272868871,3.22272801949142,3.75475266046362,4.67692699333652,4.45513036575719,3.23414376848077,2.3547071166431,6.20058926605397,2.46247403763193,2.2816313710667,5.65161521478366,12.8634433291579
3.3190657425688,5.09547334961279,3.10995854926413,-60.3849229104081,0.87013191567969,3.96415764925862,2.42470111924832,1.72236898410694,3.20285176056276,3.60347806449505,2.9335314073343,3.79187970518462,2.71187439352698,1.16157352514503,4.13253212938173,28.9662988173346
2.0437790676443,7.78575399429232,-4.87080593606416,-67.3351744415527,2.22134851425908,4.33830225837769,3.6520370023232,3.64739472141841,4.23536208938448,1.94459944159841,3.52980495404312,3.60831862725797,4.57235647120346,0.620635301837464,2.76529426833023,7.5732697656226
0.121344117993811,4.13500174818289,-3.44193854362577,-29.6380396423072,6.18895730007429,4.85603299906714,4.63257424493621,4.20761115686612,4.1743055364219,5.07175070047251,1.10668004721307,4.22826096637635,4.18100955133121,-0.526848265686895,4.89740081799853,-3.49059324591059
1.55293781798035,4.7296643277742,6.27745087886483,-43.8623012602274,0.932792764518697,2.29709827899817,3.10677302780708,1.3057754942993,4.97149042573818,5.3466287007569,2.80383266481409,3.75537427911446,3.40529512216038,0.650332602714666,2.93470065878105,24.4463576979523
0.261402052792102,7.59547030016907,-2.05302697801627,-54.5194978751504,-0.123970508176747,3.69044836893021,3.39156349172461,4.8075877792317,5.49536648108902,3.89813282738255,3.86392681936132,3.16453268999644,5.24532697756099,1.52476249404002,4.85567250991709,3.66138290953753
2.17886484862715,4.85854703254475,1.48066374695535,-47.7681250286263,0.446713359853631,2.47563766099521,5.32899931261037,3.67665205961651,5.70983904969725,4.33107136311861,2.84520049287206,6.15938944910885,4.92700202097321,1.26633367189487,5.70002393257712,15.6885955842987
3.89746570014621,4.15834361199144,-0.870004664306407,-55.2186343798501,1.5324747708512,2.67564136245446,3.74825075820359,1.51881936533269,4.01695812668102,5.41526660959151,3.10255779405613,4.86009931625042,4.81053134763815,1.34994665266847,4.39158841519546,24.2803068489625
-0.271925486019296,7.28268071474467,1.01891490897524,-47.4771644726491,0.704773474711045,4.38735671143545,3.18593685506582,2.43906921915279,5.15923184134797,3.98078349317561,2.45350218977168,6.4257080224062,5.75467210388503,0.947358969333888,4.52578484444953,5.40917184780574
2.98046413873461,4.14574703152719,3.3334693190428,-52.0853235036745,-0.459715932335712,0.429750997957131,4.46563115837426,2.80117319682928,5.26594689458395,3.43782913039854,3.03010635679431,5.61963965302903,3.31144240470573,2.08654507644826,2.62072628426483,24.3651555188023
0.601174383707553,7.7913392129498,8.06454526697152,-60.7544421808561,1.37254679502509,4.0860325912243,4.54236175855664,2.57538453331103,5.73681602801571,4.41158645417614,1.13414850319608,4.27796874562577,3.6797296193309,1.03691281440682,3.42905315115728,26.0817444639373
3.82487242294358,4.40762566108362,7.32584847952068,-57.7262364137413,-0.689907092334041,-0.134454193732227,5.06413753677898,4.47427867261563,4.07161687249362,3.68143735420072,2.76723637322846,4.14752262078615,3.90270547358325,1.31483696904566,4.68976666945628,35.6697535046316
3.38129872992883,6.16531922108464,3.62344705955524,-66.4106594881997,-0.323700993986697,3.42079342054235,5.62522290705046,3.22342164695791,4.80864573284141,4.22512266088608,3.03199913861251,4.83920235816775,5.21933086091841,0.939716536323271,3.62151453790695,28.7209505307962
1.16114812496565,-0.352458702422053,1.39389189609821,-5.60073188199321,2.30451660324636,3.69326357898568,3.79965719385392,3.65026813087509,3.89342772577515,4.5200301852734,2.40946693923235,3.47229672936525,3.58705834717764,1.17999407507029,3.72336521585648,10.5164722391199
1.73800422548597,2.19864198113094,3.75661189884114,-28.5680550076775,-0.485080314642437,3.22370239374472,3.78442931931437,3.80583540479868,4.47183880874564,3.42274556186731,4.15773424070531,4.03402391688135,3.41684375902686,-0.0523272427242236,2.92404698021012,19.8749395682718
1.93115597198298,11.6083022216246,0.0945110828026059,-95.7578247371513,1.12603390384497,3.16468632453523,3.41329372074722,2.18975629410898,5.08810724794686,2.62070233114933,4.1985318842062,4.42660998518576,3.88062754097628,1.07750458367005,4.91268297908469,24.6235875797122
1.62111644346989,6.71355508264337,3.15585600638917,-57.3376678467707,-0.719657446012867,2.80289273500035,3.34268233764081,2.02666845289815,5.52784979936919,5.00025639148449,3.36996229512499,5.16477720590625,2.71183269531919,3.76325877853302,2.61745058630833,23.3365255800881
4.58195892772433,7.3220328904132,6.81774892835638,-82.0116103621952,1.33095802476853,2.01013021133378,5.22181821707956,3.84794598234805,4.31228784370161,3.9798904322758,4.15477734221461,4.91104388531596,4.85294099903296,1.86813818716729,4.25810489577972,41.9021418608035
2.12983413734559,5.55787377158596,1.59732326589651,-54.534192558078,-0.475914644528832,3.19407811965803,3.82935606748085,3.60251804219998,4.17190937339839,3.99846950378753,3.45619327075395,3.88471754305837,4.50436826921038,1.29266224728966,2.49030193910424,21.0667512323027
1.28697501978365,4.97290300853004,1.39222391260079,-44.08901339632,-0.810110482273011,4.32464618366894,4.2815810381603,3.04317540500571,3.53967048437719,3.96136207717786,3.51931419175179,4.43511391864854,3.80909500820599,1.09534904863557,1.99379138585162,11.053888932246
2.6379942429195,-0.352757773713715,5.49456557230795,-14.2266090893013,-1.0661386355137,2.8310097321506,4.41658627485324,3.62060657451366,4.63683935350614,4.51880457398175,4.41532908661371,2.85275867492842,4.47462452103542,2.09318110314367,4.04198501297714,26.4617075606337
2.20169159161592,5.24262890885482,4.06505755001627,-51.4801533174058,-0.687032191549808,3.4741921476771,3.81867176044258,2.20678772589107,3.68244906479212,4.1197105642615,5.51425765232967,5.67115189402907,3.17997638108828,-0.408831918719877,3.82513406724739,27.4495032765473
1.9300830517598,3.99891351581293,4.35611690006719,-42.4647891880012,-0.107579706764137,4.09359440996247,5.32420311822733,2.3475618833285,3.89027457594755,4.23379809017457,3.94769990732193,4.02771096441853,5.2200973847995,1.43297604754394,3.18270297969461,22.3132982861849
1.90751012459725,7.75935582196971,5.63854013286823,-68.001813651535,-0.175409559376953,4.79417944820492,2.96234128105453,4.24567973959714,7.75684166557632,2.72190474048606,4.40393101518152,1.44203839396536,3.69981338660697,1.59172386247173,1.86647006512589,27.3546829710109
2.44890327311138,4.18802668398824,2.67479637956684,-46.0616843205413,-0.91664652523618,2.51406716269457,4.39477352315139,2.19346304720026,2.37927622393081,2.74444711833448,3.43506172583062,3.38775292746767,3.81303792593835,0.227792497229841,4.85137649535586,22.005407999145
0.935644329312633,7.79186388907008,-4.31436303462684,-62.1652670615866,-0.0969351654372769,3.73666870739389,4.77627239804496,4.44396469139714,4.3426166424964,2.13890310416755,4.91105224402399,5.73682147668673,3.57104797833054,2.01643748242587,4.24179991748294,4.6067222543586
0.837580677857774,6.47719231092466,5.20654469427321,-50.3855648055015,-0.953122065621258,5.81132328300916,3.2169575923341,2.81436812573993,4.44435001319624,3.1567406068911,3.73284872563321,4.87920238138919,4.63311035524549,1.695228861953,4.56801770200503,19.1767456955744
3.64852174670445,6.4732283055381,-1.40532905844232,-71.217494063035,-0.961294132619976,2.36825446753031,3.78262302994243,2.86891193750174,4.76407528334652,4.33011568410303,4.12309423316099,5.36323566713854,5.08126988162287,1.04456101734739,3.48518227382263,24.480272390211
-0.0620960193399154,3.53382409272676,4.13158482931346,-24.319935590223,-1.95749974618388,2.6606136989664,4.37082019469505,2.48724444102864,6.46923913992972,5.59320727462454,2.48430466040948,4.16166826990384,3.58990566062747,3.02418574747666,5.33944733212495,13.2026275061043
2.01274972096497,1.20320790022818,4.99369615251589,-21.9580165214188,-0.64781488190633,4.60321020611708,5.19465490956573,4.69163155048311,7.52835982028734,3.33704595659783,4.07198813052326,4.46465857176213,4.39212406271719,1.74579918227048,5.06469447890978,23.2197995344054
0.912471650689573,5.89175860277348,2.83480650727905,-49.0823644857137,1.35021838384544,3.64434187306544,6.16652314512727,2.86909833245914,3.26156947266909,3.48518042193461,3.36020287231076,3.3941529818246,3.71720730789581,1.42753691628856,4.23810244229669,15.4929917676337
2.27053949320434,5.91252172431935,3.50886184677536,-55.8699506408568,-0.287741857636655,4.12547465732385,3.74897236189957,3.64702834821998,5.67383140676854,3.36532816109695,4.23608274233729,5.465817803258,4.13363709528893,1.52225947385884,4.30385444821742,24.3478654665433
3.00845187327273,1.94760558368058,6.59732652870902,-33.3349617363024,-1.36512982380889,3.1915816189189,3.42954345824398,2.0341038101014,5.6401050492375,3.70495461947385,3.24854314985593,5.58087357293005,4.77414413197825,1.73076589894659,3.66980365728202,31.7665916179719
-0.0744047542564439,4.83883476598493,5.48882293615762,-33.9838131399585,0.0529116337766618,2.67638627001609,3.33324502331959,2.38028378345868,6.18842748182451,5.32090818774818,3.74538120355357,4.20077293461954,3.37571424421044,1.29474966851689,4.88967619279036,16.1234501293026
2.89682227178561,4.31997878709588,6.89979492667876,-52.3689051771287,0.914268939758567,4.89032167133777,2.98137517264536,3.46565603497223,1.57473702781818,3.46096398670739,2.39396589092031,5.20618678957497,4.8561814401268,-1.05461890678183,4.97250364074364,34.4928893534542
1.95000423312396,5.10736159750858,-0.842635742342254,-49.9680162286383,-0.0611612702753764,2.99684177011224,4.60038048396639,4.07359924022822,4.1223743857036,4.88102388005045,4.47549629785931,4.87651630242017,3.1690493160845,0.471484659231387,3.3154225897022,14.3096967877988
0.654650689556628,3.61673030192879,0.193201669396348,-31.2378912592919,0.0091958225355207,1.64864737338136,3.98679207836671,2.24499348519308,5.81065378204018,4.2692848418192,5.04321148916448,6.24411019640508,4.62990394562953,0.802892747819119,4.2417765223973,7.79322067329505
0.0687884656502609,4.39301020927693,4.10213299371195,-31.2685543557957,-0.200184787262355,3.8024935140346,3.12125911966232,2.46077530247119,2.89071582117209,4.76047128789313,1.7774298476808,4.51138061394134,5.30012805775148,1.30264294951738,3.96755166964852,12.4850782068688
2.70958158347709,2.60997190323333,2.96907710681661,-36.8289013553939,-0.836618063373067,3.88325235313954,6.02129235642998,4.04890005293073,6.20935534100215,3.83583046279444,4.52426492965436,6.04571546418809,3.76606776463027,2.17623392534164,3.93118308827565,22.7168130587717
1.84209496808369,7.03947183123385,1.22935801121707,-60.8486171432211,-1.40019858517647,3.79184036440185,5.97053013177675,4.09391831331416,5.05465860035301,4.93604952724762,4.24795367285361,4.56831809824591,3.82370346952974,1.03860853726711,4.94323886481886,15.4929051485358
2.21636787270849,4.04311155605235,5.77565441751504,-42.1704435527747,1.5501960734032,2.95973778699375,4.59301965176992,3.49754752960214,4.56717448763293,4.3018819151966,2.03729106058827,6.81801570618198,4.02902093561685,-0.349469330620077,4.40722693052573,24.8814392605645
2.81736207577525,3.68101590102719,2.71801705985777,-47.4220724700796,-0.0170476252183496,4.76198644426538,4.50030030365211,4.06559817691701,4.33510271835655,4.07788799398427,4.22125818372203,4.12503013542766,4.40354002699925,1.08157001474335,3.85200177030897,24.9152516540903
3.72717575450325,6.35775930558701,5.93684504264427,-69.908157426367,0.0208865422515089,2.10611665379135,5.82441477033216,2.22248071959796,3.98746933034053,1.70002969275638,3.44574320255712,5.56569274642582,4.056594634188,1.44994617519518,3.81529942104609,32.9432030257341
1.89622970753673,4.78928934517103,0.303967448204006,-45.0936276693039,0.455541605474695,4.67947668875299,5.50547382877194,3.69748378202294,3.78237847871748,3.74613494719058,3.7535170383496,6.53776609685161,3.13173824838031,1.45063099716534,5.13441753369019,16.7758147093329
1.4428777091757,4.09256465510742,3.71191926784103,-38.3958260939677,0.126748602208391,3.53586495430847,1.69214241215941,1.87372557138164,5.3576204906189,4.32847561039636,4.5600018752198,4.27714663504024,3.66237406378515,0.991449167561464,5.41510543204029,18.938899729779
3.42830142987646,7.68287726335677,0.876305722076994,-77.3846612522224,1.37044196001924,3.39253847640561,5.31076333845871,5.25205285649302,5.44696898423695,4.43621620705898,4.81342502397941,5.95401008552532,5.52167898716633,1.85347867386038,4.50024827911176,24.488481293974
1.10704259789986,6.97191440163095,-0.914992322339939,-56.110936122138,0.532177836446361,5.0071256135864,4.3184671389231,3.96416012533678,5.92023507458673,2.93289733336696,5.59130406574495,4.96648828183623,3.74597640125753,1.07643058820255,5.61414915492104,12.0961829270868
0.842428759927328,2.60907044971759,5.48213011386403,-25.2460973770703,-1.35576623380842,2.69016821003594,3.49746720646188,3.23415369870273,3.84017404566613,5.18041533514047,3.93070216349139,4.55945657791431,3.49456167780339,2.85340557202304,4.41883211211462,18.1360611301207
1.46970354507094,3.85028285351104,4.74643172961319,-38.1379641457106,-0.63155110917631,2.65545397506522,4.5721360594251,3.69143583451682,4.11101850637811,3.49684430424713,4.68504392034673,3.28769818800131,3.89023239214724,0.330890986493084,4.48798433430035,18.5747245970601
4.44568275766683,6.96398272438497,-1.07191757460128,-79.0001459312265,0.443904540845008,3.75837940770117,5.40894588572198,3.54315219096275,5.05095781293708,3.78297475543936,4.80235945645452,3.42268222280454,3.5614354991006,1.34857539055946,5.64014211067931,25.6872540691038
1.16750420200259,1.68523354995245,3.95660264169364,-20.9510106792922,-0.0371558858510987,3.59644996852642,3.67956187720337,3.41755240143936,3.7311612130481,3.92974111477047,4.77553473807847,5.24228678517118,4.2960826416628,1.57561094408438,3.25172575464282,13.4066059433797
2.4135198488299,2.76070613537138,2.21177372350833,-35.2848254615578,-0.0399617086809625,3.83340512330988,3.53360590417449,3.89332562656891,4.26598790591939,3.73919553462703,3.64994042686035,5.56572642512802,4.0317582747664,1.89846139862573,6.11721887037253,23.9250833343582
0.821316859275372,2.65835118679994,-0.55202811002522,-25.0629498844993,-0.618440920712278,3.15739279519123,3.56638885587154,2.72339987509324,5.39405380474098,4.26254040857413,3.88317521045978,5.35755591100703,3.57230377782858,-2.04028421889596,4.50098251925846,3.31797921087543
0.825965241530776,2.72189677775786,3.56175810957685,-25.3289060412246,-0.720212618031166,1.64885578443565,5.14509781284261,4.00402094290871,4.29487123863937,3.64434459389179,2.64506598113265,4.40042118077208,4.18506465926854,0.624116492057655,4.08038281621317,9.69238388527371
1.66707664902549,2.43034270928396,4.5214265436974,-29.1994011318508,-0.871446673815487,6.0639629894526,4.82179393346648,4.07534950193816,4.85086684159869,5.37709337415963,3.93564353744557,4.97872397463621,2.36850373243715,0.70327305618447,4.30381797266177,22.0038793267383
3.3631137069225,4.71643653329612,3.16703960560061,-57.0038147290104,-0.760767664629593,3.58413294906527,1.41560165335011,2.8797704452266,4.22365305490165,3.04708920457456,5.01612320461735,5.26382065146168,2.54435091004547,2.22324180756242,4.02937614056704,30.2281572805112
1.53085266042363,7.87756954275865,7.13905549820492,-66.9775686691583,1.57146065979493,3.43396957843852,3.13380595991921,2.17163115873605,3.92441802024028,4.12286024948118,2.33175662600748,5.22211883296424,3.88138564399328,1.90701675145213,3.11978993272436,30.9849652026191
2.84287563213658,2.9198849186506,5.67184639938357,-40.7995320721655,1.77375536349471,4.69821859688957,4.09760216106487,1.33250334476458,4.88202514855043,4.07293128400861,3.69267582654423,5.6466544864133,3.29014144086988,0.5700983379591,2.414610238576,30.6303010345071
0.542006277457913,2.95232409709652,-1.43189979650484,-25.6735795953431,1.43319665181283,5.86554108243283,3.24390050145552,4.24725948238822,7.70270437978591,3.23438270840654,2.08553713093013,6.05335299879152,4.62998352337935,1.34301456159098,3.58746545950927,5.07186169319333
1.59969407995108,7.1895475751419,9.02723102355257,-61.3977585930256,-1.11205991308135,3.30846619036772,5.06096242546964,2.94977948277317,5.04544315577667,3.14836840361598,3.1841930261902,4.70937781004953,4.90508465562542,3.11631279168476,3.59722211343545,34.7630653435614
1.22358271466368,0.972146233181393,5.71552317383318,-14.3437350516005,1.35221158527891,3.72632186386735,2.88947079321985,1.792854279177,5.86575059803887,5.57099752259329,3.11060389885128,3.57650531973221,4.14136292207329,1.89393111285835,5.45623990172005,18.8153909509011
1.63070348869899,2.9068464040005,4.88914973966619,-32.3317450880637,-0.899295670317015,2.66576022514541,3.11818528252018,3.86243345910295,2.18233437604242,5.30562613237921,3.68588734564992,6.59605926000791,3.61325832619644,0.290071316363549,4.26705689259725,22.9715701096346
3.24010145861679,6.66681990268928,6.84176067530892,-67.4203580259308,-0.322077081144562,5.32066177500143,4.86997540757543,2.87489814014935,2.60538811878762,3.41390875535713,4.328180190656,4.37509038830237,5.79434814142589,1.10265397533593,6.17075393272775,35.7025785289764
1.89256619166002,6.2172049036597,-1.18925252871006,-56.7560868019369,0.511604332702156,3.94001660661325,6.22521999739209,3.01022164405338,5.85370270609495,2.76512898171766,5.11320689346339,5.27291599660907,3.42046094038596,0.842309104801742,2.41022065200558,12.5514682505907
2.1725935062242,7.16811466232025,3.23363494796826,-65.4235911500293,1.69964581273481,3.12440307024254,2.90268626600062,1.95642110256798,3.6970153719643,4.21520886183685,3.28681141788898,4.31518736845757,4.8695998719405,0.166951793879011,3.66237919267553,22.3954322547642
2.25460126824862,5.34542083664138,-2.18232867308705,-51.4624666323082,-0.293639883279615,3.20179860319791,5.45387267987053,2.77260079749305,4.46479487434272,4.04483326233614,2.40380251724662,3.57145890004396,3.54889239936962,-0.0225606210343487,2.58283558037005,9.67700291862412
1.38546617100558,8.0323839824589,5.31421495171045,-65.5928163516311,1.5064159933601,3.72550214275535,3.3378422224187,4.76461350101528,6.42215343898539,1.92594279891598,2.44793923585886,4.91176051230228,3.53680797952157,1.96758156733746,4.40596651273899,26.6342334646732
0.570784903998981,4.56558308761759,3.46912400304901,-34.6794833999367,0.271893216982663,4.17313784800771,6.16521309669534,3.25311473127392,3.54889939126183,5.39220156801652,3.78825552711748,4.05565396122103,4.33797916728954,0.519897300762291,2.62130513493755,14.1956575549981
1.66902456538396,4.78349851815063,1.46286340944484,-44.0462602852488,-1.04305223006481,3.56318729617349,4.62189498849175,3.51052891585477,5.55708820719032,3.67810422930404,4.12831668353493,3.87740416519574,3.80018001685354,1.8479936623128,5.31094929875082,13.9049872200102
2.12838606337613,4.28456690465421,3.77955677084538,-44.7984138683389,-0.255943242062569,3.6697535260591,3.40006315140702,1.83274097552128,4.57442718724957,1.92010197408062,3.1005702042972,3.80653461854415,5.15390070764263,3.43070436375634,4.25049381487927,23.3444966182414
3.0181199924631,5.65408876314963,6.60497400799829,-60.0910740914133,-0.217176797201491,3.05666043600783,4.62467627019179,3.74475238607564,4.28525237551834,3.57137161614641,4.42133389298472,5.31931503597297,4.71946216541946,2.28751649661807,3.07947688623842,33.5576141050072
1.74442630843625,0.974111562303532,4.30611313254676,-19.819975996569,-1.08820172493462,2.90862050726584,4.83819529314137,2.06387569387907,4.62715100107762,2.70248565197053,4.71215005306215,4.23605555611474,3.54974301647088,0.615480541580623,3.18783999866859,16.8756995543947
1.6974589893073,4.70061090052212,3.97138639489387,-46.0948145372798,1.5175014556908,2.25106643607739,5.51279986099605,3.89806864094482,5.92112614468312,4.71070269537568,5.29288178110911,5.25576115678705,4.11468102739702,1.99711185771528,3.89806625601894,20.5236168865956
3.61519068259227,3.13561754315448,6.33740476220819,-47.5317744863182,1.12194699967093,2.00854091768326,4.50070370389279,1.20323793436886,5.53403365245182,3.36421135734846,3.58477450408583,4.67137655204059,5.03258666143646,-0.0916616061350177,4.77528122734963,33.3615966643805
1.22628664545274,5.55682612130736,10.1626080635375,-46.5772994065812,1.21026167373899,4.70950861033997,3.34102111591356,5.07807155745891,4.05032979285717,2.55655033886702,3.14930982823091,5.05692144965381,4.47607947127277,-0.22813665039637,5.04986536293004,32.0917258400728
2.42400240156265,6.6336725690523,5.2148609501547,-64.0391350760351,0.201453739869854,3.75650524242681,2.54752051730096,4.36239731667483,7.3137492383315,2.16050971664776,1.77026670558087,4.7590881507782,4.43624520970486,2.02009179019234,3.66020628382238,29.308577105279
1.41605301867064,4.13947947156469,0.297407108417949,-38.4126674621114,-1.35242050539892,4.58443758860241,4.41191313649711,1.5642399585622,2.38589381399806,2.7288222333885,2.70893988078494,4.88206623641127,4.25559334339349,1.12582890091271,4.76360651310317,12.9271807632146
2.41503567889914,6.14466007782035,5.27382236162264,-59.3115550199914,0.00926172351390323,2.86495680546797,3.93435634248213,3.1310238608875,5.49205032757514,3.14478399944222,5.56628611075833,5.75831277140666,2.82125271174753,3.56075547564097,4.49718654829245,28.533000435629
0.454738343376012,5.35398750697528,6.92177181402953,-40.8380567727507,0.563635546184906,3.49554117697159,2.8544738852458,2.97568215238328,6.16266015702503,6.59084899693858,1.27824996886746,4.57776020656383,3.76593487217451,1.72986772708931,3.50339551462717,20.3272638491495
1.48125049525194,7.22714347078488,4.34059047333905,-61.027219635211,-0.216178058015874,2.94081532450642,3.27967116509244,2.63655654027175,4.91981543205844,3.0179427220921,3.73360232520742,3.99704576659392,4.25492497777666,0.22508895027319,4.06487728622463,23.8615402852353
1.72020844564731,3.82579017767957,0.446311659037485,-38.827827701335,0.821640461249053,5.04564188424631,5.43246419456982,4.56696634674593,3.53385974125269,4.08804375931575,4.47813022755565,4.58965018485793,3.88645509293508,0.41588468332197,4.25371656143871,11.645056238998
3.00745738207582,1.52353335437154,-0.14384177859279,-29.706406719682,2.65945421938193,3.75695485191172,6.43088973390761,3.29833148459466,5.20508934790995,3.15582881775292,2.31448965172008,4.61125311833098,5.08992847537882,0.780086410163371,3.10640301802789,15.9463331672553
1.53043004638497,6.30734285703797,3.01198127003983,-53.3653806403698,1.04197329302436,2.9675895857264,4.14489627217031,5.2621279504162,3.94984840002566,1.66605777480778,2.52221463088225,5.06043811024458,2.71054864458024,1.63021951769694,3.06381553558824,21.0412934186459
2.29789703837739,4.62668716674787,-1.25875264828229,-48.3517978655225,-0.762367076292522,3.13798852734896,4.59621238600583,3.65311218141341,5.28597181477387,4.33568669917605,4.85246429676185,5.27673602468935,4.76817675585478,0.743367795092497,5.88333685634015,12.5917155191891
1.58220556692737,6.27871356556526,4.48647618556837,-54.7183591370444,1.11048578963574,4.19138529153926,3.76346123688996,4.68112217069589,6.24682764009912,3.16946164029277,4.00488417416653,6.32990544529169,4.19653387610054,1.57379755425763,1.68524154018668,25.6178635173987
1.1496192237088,4.93631733809182,5.89288453584239,-42.289270728531,0.695576383178248,2.66842536570686,3.17662259750148,2.61939912092884,4.01240168923129,3.33184064281235,4.96219213673337,5.78171142929644,4.23547206632534,0.233357098850574,5.07697820766944,20.8760572363736
2.68904619437242,7.00447169976713,4.54420537621711,-69.2893871682769,0.1633006765516,3.80270038752822,5.04972430474615,4.39233446525204,2.48671187919056,4.65168904476324,2.49116869269005,4.41963169977158,3.7591592303518,2.58342717057662,5.5133473414005,29.9009222265868
1.53980380523804,3.71786674891774,-0.332129909252,-37.3950330289704,1.25549790424858,2.96678359381017,4.15002711817165,3.20248009230821,5.05138455517563,3.33795146042575,3.46049813303698,4.43451445259094,4.44630599921954,1.62854204493798,4.66994220115567,9.01304432901003
3.34818437754491,5.50207401329285,2.12259799200241,-61.2673343211085,-0.192410864910273,3.08284645717997,3.22184134517173,3.51231642024262,5.35255222294297,3.35844416350116,3.40146237010748,4.22325640145271,3.47425081758466,0.729314691651492,5.45507412777301,23.7174443920065
2.44307138426351,6.15007088155321,8.77205964438328,-60.4163963195016,-1.40837923502453,5.87396546451195,4.33260785060571,2.98793141062023,4.54127213072478,5.16440244036374,3.37587792531318,4.65262641647929,3.25202227026222,0.025772428492846,4.75896666652295,34.8843366056257
1.84907381163923,3.7299556063054,-4.0821410965958,-38.8626166680654,24.289489931691,3.98053039129722,1.69359701904355,3.25200883491451,3.78082954239345,3.11478008932003,3.54294729227032,4.51095334324206,2.93372090815425,1.54028325159281,5.28478666420143,7.05295606882152
2.45554885681481,6.71456700059819,1.72368077897211,-64.9123445905741,0.712313565136861,3.26997059722072,2.57069423072989,4.42793497527322,5.47697399946494,2.35951324074163,4.99919622008669,3.86083234335028,2.96607952375248,2.28904106033301,4.87684325908712,22.1309155093264
1.9598453187013,7.20976481420205,2.40056140999318,-64.2970913920158,-0.79950865481072,1.87756160963697,4.876915892352,4.73478220907859,4.19070911960345,4.74567101642464,4.34330807692098,4.55106483781235,4.40617634397994,1.01493362007511,5.05575712732791,21.0951186472284
2.45612104354645,0.189549439786882,6.24383147340635,-18.0068510232959,-0.613655091063965,4.97801177784673,3.971535141716,3.11448357911935,3.89378571704953,4.37038977431274,3.30116254981204,6.30006082209345,3.94470286187257,-0.0102108484603445,3.64967988086103,27.4307839979908
1.59157497051223,3.59807003533239,1.25744925982449,-36.8499947841854,-1.20670373630078,3.18280840410607,4.65200200550537,2.7202453179408,4.04160799986361,3.12868095632863,2.58445089223089,5.22210491882047,4.36682650362794,-0.181299397855989,4.98194694819925,15.5778624345577
-0.136493855610065,5.056898704322,2.36478228290154,-34.7280401366223,0.0767994170407774,4.58021430198769,5.8651364011449,2.48399019280321,5.76048080418571,3.84492548722988,3.58753444709622,7.45022665268051,5.69078844618272,1.01690839118836,2.80228093014297,10.9451818480162
2.15682191638659,8.4349840664537,1.76292687078932,-74.7882141996909,0.365124900529058,3.24768395414642,2.92651324188024,1.74506991451926,5.00403353566487,2.780648023001,3.72964121835324,5.51276815426476,3.78628498074997,2.20506115319631,2.86530633568266,24.0880962937891
2.66004890117331,2.74341028099253,4.18638839217113,-36.4253730603325,-1.02729022898134,2.87611211816573,4.35528335231036,2.13882980930993,3.32651992943985,5.07467172065508,3.70225846209077,4.73400629275323,2.72444224815985,0.834980192753602,5.66818300218075,25.0877816504494
1.01816558692642,7.17249225580501,-1.01153000659923,-56.9206962694633,-1.42881757491417,2.20457570101301,5.89223127437772,3.48832493023327,5.55321946059286,3.63551838605813,2.15139025888605,4.50642518159684,4.96436405742702,2.77411453467644,3.60444860292624,9.54969256088108
0.886356295796618,7.61176990850139,9.93395366297736,-60.4433752470066,0.446329426129557,5.53182776987701,3.5886521903551,5.18385893272073,2.88453075273412,5.39757764584552,2.49856006054995,4.93902477605394,4.45541110006711,2.32191762420361,3.26020641070738,32.7645630362303
1.56265232327055,3.02347078129919,1.94852691445976,-32.9016473128784,-0.901503086100613,2.36275900709105,4.3609259745856,2.31727454034314,4.12784569259136,3.85046989914273,5.42877369453504,4.31956216124123,5.47185543268516,2.57660633173759,4.00410543871581,12.281621686476
1.48388875332658,4.54516417882986,2.03669002858368,-42.0451302466487,1.58449446347658,4.60552332937628,3.00940750566266,2.09159059033295,5.67926758728127,4.17137270199073,2.46656432352959,4.31865771660159,2.85956683631652,2.33372592680828,4.51134132561785,15.9614445456514
2.41899599057103,4.71579333411037,1.71311522299179,-49.3132111863953,2.05542228299205,0.69861007569495,4.23592059035561,2.06673372129386,4.24784944753854,3.77755660862378,4.2898376003114,4.79577419828647,3.32179913042276,2.59126887186456,1.81868787713923,21.0517018462197
2.1341554367156,5.79202591969547,2.31116621992821,-56.6106893176889,-0.30415779256184,0.943159657592186,6.18551549121898,2.95140965330048,4.35109127203403,4.33518436719032,2.6474329285826,3.62751939523872,5.27378356244448,1.11312304816877,3.37616288121651,21.9442097902951
3.03468645455601,1.12112124870504,2.83224595302328,-29.7545299400533,-0.00580457089522321,4.58442751004974,5.03999767882144,3.7885835367951,4.67117738167328,4.00583538615801,3.19363897634067,5.21771581354369,4.03549174301134,1.75028524846965,4.31103488148334,21.8863149663123
3.65350322601469,-1.64156441016286,1.88386367735664,-14.3739765899001,50.005611290714,2.2948663550856,4.09914474472737,3.5798217748794,6.61780457818567,3.88867325868092,1.77337223120297,5.97783847109958,2.65658370827139,1.16549955327974,4.12522669197432,17.4113163925741
1.98205318260314,6.88416378315267,4.4228999088113,-63.0556448397381,1.84979410618015,3.5349398905243,4.01677222131262,3.50803377052326,4.07179285404651,3.4015168541323,1.11345660369674,4.08764234591089,2.3235676563593,0.632012907081093,5.5244514859082,26.3111732552973
1.9757966793814,5.07430278959762,2.81488610234496,-51.0035809660459,1.61182102614293,3.44249865344793,3.10503085541327,1.82130703394108,2.79845172878271,5.41954184048204,3.77966651341548,6.3283844749182,4.24509181351775,-1.03766424654174,5.84091781209526,22.250089246574
2.25024690047495,4.48288997332388,-3.38306720266981,-48.0879068186587,3.08458729627157,5.69619505220672,6.76919166019992,3.02356187632927,3.98873820931554,2.28986516584644,4.23919287430987,5.36328745193408,4.540033416026,1.04925469165949,4.26103634973242,11.7129382849801
1.66287546398271,5.68878828178782,-0.00671117423296019,-49.4713954815326,-1.90732854107154,1.07514138214687,2.25621566190497,2.76871546165653,6.34999395189073,3.91608280842273,4.35796429378687,4.44958064219368,4.45099285165905,2.29047157120246,3.56922634327637,11.4834968407328
1.88664629502295,5.29871046034857,1.44658645068555,-50.9311089748772,-1.13705864355714,3.67824988652329,3.97145318731417,3.87941934253353,4.92466826352661,4.88115851557846,2.41422968413096,5.6599005367376,3.5676893063215,0.961183121385367,4.6141510572734,17.6678301955937
1.90111708508728,6.88092746709347,9.6306292416226,-59.4696599583366,0.309318358684431,4.15699458169212,2.52373080506378,2.80056010874454,4.63896103254159,2.53772002527299,2.20179693036351,4.80166503038454,5.1572569055944,1.1329821988669,4.05778575983478,36.2683271705859
2.26408682281607,0.564196161538086,3.97495330964505,-21.6019839789825,-0.534270312581146,3.00311145984788,5.05844788631649,5.29519858596212,4.20562866929937,2.21344115138479,3.9616208319612,5.22782540153276,4.35410931945109,1.59390592629806,4.97176810194826,21.281401454735
2.13898368589133,1.41288248740752,-0.830426584393506,-26.1152063861994,10.3622839493513,5.09721612242036,4.14598006499586,2.44596850747719,4.09699045790225,4.11729595244078,4.11284693026158,4.64753455701626,3.41990331261866,-0.152343872276295,4.51876248202938,10.3787211066042
1.75773050116162,8.38421377992021,9.2358789968077,-70.8445396217796,1.90449008749933,2.24501866313859,5.97246767781472,3.62899751909645,5.59148245550659,3.97833315233371,3.02989259414556,4.13549428978242,3.78279260572518,2.37949330761201,2.83612515276992,35.9814319851642
2.05903138172311,1.65500770640624,4.6527565386703,-26.1892153318241,-1.14555269145038,3.53861973574177,4.78428046390508,3.75826241518114,4.89285395884704,3.72580069967165,4.35962940654535,3.79933459179242,3.35357154361164,0.811488943954218,2.64162892541017,22.1704386278259
1.82272813161612,1.52561432156351,9.03144140531143,-22.0634527990005,-0.49052248572215,3.82196398332185,6.04444134052255,2.80576239862219,4.92750792781538,3.51085003031378,3.33305943057848,5.10941756740989,4.36255625434327,2.59654196525587,4.32981756370253,29.1285199166377
2.79468026816014,4.94673028586051,2.1372722954312,-53.9195287372299,-0.999217187956881,3.09245361033438,3.48990007262094,4.12495450764173,4.68783706577584,2.02252114020433,2.98088893377724,6.01068002572894,3.75641864701702,1.94763244320899,4.41392314696206,17.2021498275238
2.00673778670591,5.1316088445381,4.44451729437269,-49.7493418701218,-0.252017024514119,3.22927942043123,3.73278767667091,3.67172933515711,4.89530038729861,2.87549065119651,2.8791785008742,4.69661597169837,5.0214028502142,2.28899359614505,5.81571753637954,23.9729872743028
1.37020970700624,2.07535312773926,-1.13556753403353,-23.8420117632154,4.02774271022791,5.46887446091601,4.67784000896031,1.74165992492131,4.81228456975198,5.412596293854,3.79084051128046,5.19732560450931,3.41125433355568,1.96519542456211,2.63946940932378,7.214045160151
1.74751021743645,4.16119059885321,5.76873161249412,-41.7915790609233,-0.584339040031555,4.18118722511206,3.06864490260024,3.85028920208959,4.26290671788789,4.56669232933787,3.2671247510513,5.12022606106083,4.06559579246249,0.738620601008073,2.99220284996405,26.2784677898657
1.3095778365026,6.15369402661395,0.54092754474897,-51.7429097589535,1.16076214735216,2.68596323431779,3.49918904199188,3.13271110886376,4.87974822611187,4.81029524276405,6.28132829257136,4.96631713083484,5.74009283173195,2.13440535969639,4.5275645752982,12.1136538298697
2.20254214524794,3.78615528932999,1.05168040401407,-40.0499429243509,-0.806255322169714,2.2388967119093,2.94558137527399,4.28169177477935,4.70328102141335,5.23456122489385,2.86519845721145,6.70386580790564,4.02382496759476,0.75998400340667,5.32230136187316,19.1651313200121
2.84638143781243,4.86156092745359,7.46731312609379,-54.8087182156066,-0.798497669041072,4.41600032453841,4.52153927512936,3.3030708597922,6.63462075034953,4.90091390380095,2.38359826037827,5.07940940383526,6.2570308236651,2.6309819715156,4.67455429762584,32.1305502040777
2.63207406180606,7.66788768180969,0.176355467829745,-72.9355832896773,-0.0115560429358897,3.54928090247744,2.80656719842061,3.43586030276339,6.05033830830892,3.14700800276969,2.61740770134456,4.99912110777653,5.16651254029974,1.37650158974002,5.0508237366763,23.9639708117588
2.20141352460328,3.46451587549937,-0.522014836206671,-39.8398121123967,0.742499824031259,6.78144054248374,3.80862064285879,1.24263257169962,4.35307912129857,2.81821417329976,4.95338736728031,5.60542407693873,3.03444315564772,-0.337192097279776,3.49285012284865,12.8372581589902
1.90892935627156,6.1063893366749,5.37933579577126,-55.634921756015,0.557561084806827,2.04670260745497,3.23453306776335,2.69671707446254,3.9259377780149,3.40860959327309,3.46918718330772,4.25254373448264,3.50125109346834,3.08579082204154,3.29899377922015,27.4218380818374
2.28948412509664,1.58268420051706,0.61174955305134,-28.0631547046676,2.04421122745021,2.74489077255748,4.61048108739235,2.20110131851861,5.18241209021038,6.3256553523233,4.2556014684565,4.82341597177613,2.91221094555963,0.467051710215565,4.86599437165288,20.0664844083519
1.94531506079455,3.94654379477621,5.9683434415219,-42.3498231341966,-1.01182782292215,2.10616790142874,3.17329906792964,4.73810867666518,6.86853404288486,3.26539817998819,4.71773000731886,5.76705021526351,1.45288166362295,1.40798723270977,2.63913749648214,25.6735740929989
-0.0418498536218213,9.12752846718185,9.32160880989705,-64.6966632591643,0.81338314310877,1.92801091967773,5.11906877710142,2.51074103991834,5.01623358167982,4.06738722354299,2.03604520122515,4.65930854607434,2.44283154107223,1.27862632831283,5.14408275730642,25.8510299157233
2.35836924148695,5.84745651903986,8.48192103285261,-57.1582731173127,1.06509399319703,4.05068768488958,3.12059579638682,3.76450897276102,4.18642336973705,2.48103745644662,2.46690037625104,4.5371952454888,4.74776780159615,0.3199357181179,4.96143135722791,36.1115678330226
1.62739914838395,7.01711145568591,4.17833369029421,-61.8358650498005,0.145349843213627,2.58067461565473,4.02187832312017,3.21661263973251,6.50162826866197,2.36540540151608,2.88742019014985,5.26093954579111,4.73059459139152,1.27314775452517,4.20921273651857,25.589362520881
3.2683088405183,7.72228359148909,2.71303343629699,-75.0114962525221,-2.11614102628839,4.64624283779511,2.75735330914329,2.28485692045948,2.6925270605877,4.92584465194836,2.88700815309715,4.86765758629848,5.67286072170788,1.25355469398156,4.47562162739541,34.3214348983093
4.16860031716614,4.78809027335903,5.22098448179997,-62.278720844682,1.17610354654573,4.3316178566069,1.81688625191634,4.89872799129768,6.2815642960792,4.05720969546487,4.19190303965686,5.79384002962376,4.59483288660511,0.126658235846325,4.53907245140412,39.0641477591127
0.760277157829481,5.0830013904582,6.40593192075816,-39.7964125570522,3.18752638169673,5.29948722770268,4.86238582241532,4.47087835515456,5.03365954964541,2.23933968870114,2.93788456129758,4.18729132316947,3.67038646757903,0.218890049789146,3.25629477165424,20.1688751626685
2.58987388823355,7.23979543697617,5.3803005444229,-67.5879229529255,1.17215771489164,2.0705794439286,3.88556131844433,1.60244374909425,5.0284217436604,3.67326667174038,4.04103076752598,4.4466509807459,4.26422104087068,1.09789003313073,5.25593369357777,31.5566297714058
2.12401928857494,5.47832573944345,5.27063193095504,-53.1698938327919,0.923459778726252,2.81966264714865,4.39176587153121,3.525473937941,5.98006552106504,4.31372782320028,2.11660814843837,6.00989536117768,5.80064766799299,-0.426328735672565,2.77493391940542,27.5072058205001
1.47629221355526,2.9218321275838,2.06047552876799,-30.5031999669442,0.124393820159242,5.28793384438297,5.14663846708436,0.454935706949586,4.07380502085434,3.52716406889492,4.03244755918094,4.44065646114815,3.96780258804817,0.655529800219978,4.2704261919055,14.3826032012379
2.62022800301966,4.0164885824345,-4.47836578529584,-46.6431771721216,16.4852045540193,1.43234502144075,4.9946540468629,2.11999385594902,4.63857115299096,5.2206732594724,3.67354145741978,3.56327788478076,4.48192380628322,1.43786665755891,4.67119041617261,5.17740419288211
2.70822158448838,5.76837924974882,2.77484221035861,-60.5992635094752,0.154986372569462,1.9435907463343,3.9542266221811,3.16629734411019,4.4816949899772,4.05947392098214,2.32377067945698,6.08002797652503,3.02559010079028,0.733406232470354,5.1840739346952,20.1490496629968
1.90680164882442,4.70505546927653,0.21804913794933,-46.5179594694287,0.190870858751165,1.69720205672578,4.78855839528821,3.5864801756932,4.83240828261378,2.1884130577856,3.89254116774047,5.09293052079469,6.25861321718554,0.561896013185308,4.22287918236244,15.9678165110984
1.70480329908622,3.69904964216508,6.70446357308476,-37.2916970780077,1.22092562118371,3.51419999262933,3.39126400342318,3.70494272536065,4.91776346549444,2.66210439868452,2.36616329121729,5.31150463820106,2.73291400501423,2.82220535360269,4.08607353549074,26.459214834111
0.91418476910521,5.11260778795926,3.54994072926564,-41.4598415817553,1.12696872518114,3.09737029717804,2.09923304913437,3.39071174516605,4.30292841069633,3.40790074702962,4.10572922113785,4.23176093848344,4.08789732110692,1.92018710721371,5.20756729021018,18.4961062529698
1.37518494356032,4.5067975529639,5.51509796417913,-41.6219398995186,0.209526151119555,3.29647952015269,4.37809147676662,2.61431473627843,5.63484961478431,2.88088982185643,5.20695007118809,3.28570797758075,2.75323760087896,1.18262308846229,3.61939860630657,19.3657280644718
1.76699345686312,7.47244312705637,5.01188569262425,-64.4011450978396,-1.13396941707295,3.61616364838267,5.01956165811283,2.82088668748371,4.14792375369392,3.60097333616844,5.48853045963862,4.51550821916928,3.73521422673246,3.29075906794835,3.59169327051573,26.3199674261521
1.74918313624221,4.64334620662387,-1.09218138889324,-47.2172953259575,0.747492101270068,4.75234324642349,5.06926976668229,3.71417947177633,4.50429170070343,4.55780333462211,3.18906637663629,5.08406853453248,3.4821567157786,1.30018775393159,4.14663044360133,8.57098329141373
2.95389533622385,7.47293915874886,4.99582023336053,-72.2284100581596,-0.126544183427888,4.56582773778102,4.07661954002364,2.63269709573222,5.38284621319909,2.69371909914175,4.49408870022672,5.89796480827597,3.52943822875238,0.0235094350174261,3.67094376403858,32.2168019638045
1.73402749332666,2.83566633732944,5.17866788889455,-32.7088907575387,-0.778825775893003,3.42124974874809,4.75203604041537,4.66371975428004,5.27176853782779,5.02427156143891,3.26757987724744,3.5572163646826,3.79277181348104,0.442205224444594,4.14333432311137,21.8014948194845
3.89527594663337,4.01161959858108,3.88122747629132,-55.6643742225492,0.141711913513055,3.12604243445718,2.36795574661622,3.58115190281295,3.08967716578717,3.94316854080196,4.71439412613113,1.42630336264786,3.61226819037916,4.25872111131637,2.93183049632376,27.8827718920954
1.5700091727514,1.57777393114711,0.195663204456401,-20.8921591568193,1.49056114850382,3.02585072181084,3.02500515142668,2.96186862869284,3.7094291289763,5.31790490282615,4.28126947081964,4.36815558883284,2.73885661435437,0.477176291238287,4.19502981469749,11.1465894469805
3.57554699441894,5.0801160967942,6.74543088172141,-60.0840851785612,0.187769496887751,4.52096464869013,3.90867343994733,2.18372767256926,3.81272730131215,3.46882710913986,2.2986285640235,6.88864274185266,3.03697163469044,3.97082056316366,5.51822304538051,33.1458258279053
2.16194119972328,3.8777130326308,-2.06911907232551,-43.5602154703514,0.741643503587089,2.23815904606316,3.75608103118959,4.50351976257937,6.47439785589497,3.55053523837276,2.31345703905783,5.87247993741422,4.68591404989427,2.59569304501433,3.18251657784584,11.6185895568784
0.91454709305429,-0.114724115241419,7.44713187374257,-5.03517863809899,1.38663880863136,4.13349920257889,4.04345961911845,3.49598628593517,4.35985558098483,4.5256716361086,2.73485646761666,6.96700079169231,5.36834932717245,0.176884755951742,2.38017204019661,19.7805857223728
2.5769373005245,3.60644237871734,6.2737298121366,-44.3132741781845,0.0309752842648559,2.85492478166561,3.54601642609076,3.28739768935461,5.97157067910913,3.86185316232394,1.53118817856865,5.36144796165679,4.47122768452431,0.637821646953623,4.17345893482616,30.4135141506891
2.02817176621691,2.10742508993872,2.05344585299497,-27.9122325063701,-1.29467531666776,4.41237081028155,5.31312264125078,3.17819435005859,4.09678076848546,4.33908193295508,3.17130131864732,5.47895183547302,4.00309648170711,2.35550791553753,4.56511552058729,16.7216845304762
1.64329659422215,5.63171152354657,8.61215516717968,-51.0410181178748,-1.41011956526779,3.27646222131165,5.12509922972388,3.19441791762936,3.87470219713042,3.86700092416685,4.11414411839894,3.90211427029496,2.92169054317148,1.47372212959035,4.85013682943052,28.2377145172379
2.8526263754092,4.31450497216867,3.83036357756464,-50.9946916125808,-0.602346552917638,4.64091097499757,3.63617409424569,3.03628500368166,4.07879679358839,4.08979318125167,0.994946020741734,4.02391324871744,2.65255120933947,-0.0389426612022872,1.82351218871493,27.7478386430448
2.51336524822443,1.13729380112855,1.10308966674862,-27.3305397363367,-0.197609137994952,3.20785924563896,1.92482310261624,2.05411559809376,4.27629022732298,2.3428356247254,2.55625282613374,4.6205437587935,5.8680693870374,1.55832017572496,4.14393835889145,17.6879967198562
3.0182029971727,5.48564200852841,5.75516260549419,-60.9327949514073,-0.251775017168719,2.85534250257268,5.38851426417815,3.90414428599672,5.12045220322854,4.1940016543322,2.86332013581682,5.16429411016045,4.63860552512993,0.226301842634638,6.35669230123748,30.6991278153641
0.978520915254687,4.2744641023421,3.63190284729655,-34.8289827274584,0.0429413023894127,3.8870505108253,2.133309446932,2.96256411110056,5.91788497250659,4.71459264737454,2.31528257459501,4.8973112189042,5.3004141789654,1.95126037001594,5.02237504137787,12.7109144813013
1.43833172906044,9.86545780063487,-2.74287420342743,-78.8259267924262,0.62035854046556,3.43975857705633,5.65414729180975,4.07249707734982,3.75583412974548,4.10107858745114,4.52336609590926,4.78194699237034,2.65054386916602,-0.0657131966860012,5.20492504831037,12.2639908619942
0.987443921765488,6.18418238154497,2.12346014283352,-50.2982343020887,1.17609780634985,4.11395870617376,6.82641559412839,5.35301734965828,6.0623710489767,3.9395311545036,3.67951906461583,3.9702726598047,3.06734582611934,0.156257060498506,4.0193779332305,20.3036758554373
-1.02081429901538,3.84759846354496,-1.90910597312745,-17.800653067105,1.30005941643719,3.30319644001273,3.95978082738485,4.16984266240281,2.17792337268572,2.9198181266264,2.25008514489839,4.55049957481033,3.60546712838183,3.19078821989859,5.31256556223905,-4.40729027839639
2.33235026771671,5.81325648033715,1.16641391133407,-56.5649715235619,0.4639221370657,2.37257600681924,2.75480016833226,2.53930374061891,4.1846333631706,4.58283129383023,5.13038205324415,4.71567796139825,3.08029159579648,0.658296277781013,5.16857809394583,17.8458205780666
3.24051156628878,4.90949073101756,1.63964145080053,-56.2593560369843,-1.99430882871996,3.02247020016806,3.87620109235098,2.52620838768515,5.06515500691994,3.44575672966817,4.536082897274,5.26917108419879,2.84887416293994,-0.24572228745429,3.95324270275044,19.4735925407967
2.67134959927745,5.88180004900419,7.07254976941607,-59.5977085780472,-0.00429669022037538,3.28093297815533,4.27958459560169,4.74741913501,5.90206263453776,2.98863499196618,4.49457337837571,3.41785738968741,3.65895060516937,-1.25673266749542,4.4027340018777,28.7638353352743
0.669965888878461,9.47075240392405,-1.41924244190273,-72.6530464237272,0.949779495294526,2.0184616278616,5.35125271802708,2.70262127902977,4.02530063491433,4.53509959901658,3.40664228966403,3.95685964850324,4.18506025085863,-0.0486705680385695,4.29817257151293,12.1763670100106
1.14941968628177,3.82769031204374,3.30875306614546,-35.7590584836352,-1.16816760118799,4.02526996200323,4.44600581692626,3.62756701338388,5.72334762036095,4.1493230427492,3.64693353950195,5.96064554335801,2.94168234207098,2.02121856420436,2.22684128113039,16.8065963779791
0.211169257581832,6.19872049863808,3.59458101302688,-45.4719947527442,0.578902163834154,3.43996206937871,2.8321445598704,2.81037190347617,2.02378524507308,5.69058026458213,3.33796997568669,5.10446567194951,4.66914816940865,0.6205648359128,5.31226488048584,12.0556253189946
3.23152191404999,7.54846629309623,1.68119238714584,-76.7885337074171,-1.75001816339675,4.16717497553474,3.40007829155437,3.62283031878282,4.29204995673087,4.19751352298619,2.50359130186393,5.43688485452336,3.20026399513685,1.74233246071397,3.86420881623769,29.4880909620659
1.66560032640727,3.17645769159614,0.767272099257245,-33.0600925847829,-0.362525766680717,1.9878106850662,5.22297059589193,3.9488374682265,5.80319659784015,1.64874301018138,4.30671892167485,6.32255561144441,6.38162676278916,0.812527559528816,3.11797575083379,15.8555835980665
1.03267789821405,2.2490818867022,5.22572293123151,-22.9163663850935,-1.53549738644892,3.63899915363498,6.31877878960517,4.79079262878782,4.86673147825156,2.98798735722904,3.06792916383452,5.24890382839005,4.13642348931461,1.9578000332511,3.45134877232334,19.734986883579
2.8793703483812,4.42454627322248,4.42571089161428,-51.1643030394676,-1.18919517501498,3.60059463806326,5.57189771931297,2.98364697007845,3.93998088810483,3.84368426021476,4.97272184549852,4.93600654423828,1.91582991475031,-1.66703260398087,5.24606044128067,28.7215716668773
1.74642131017494,5.16296682120878,3.72976873875572,-47.8597912571238,-0.616364302884334,4.40079792760692,3.77181316943397,4.57007973818376,4.82611338133186,3.98555045594303,1.90967062918733,4.10829682424943,4.99221611223202,1.81720375085382,3.11181721201705,19.7303932404214
0.482124211055721,5.67579062787791,3.79426860444915,-42.6113020021327,0.139680126590147,4.62783016605785,5.19825892879711,3.74478035000595,5.09622620352274,4.04586180309236,2.00954718834459,4.1598090965229,2.13681336331524,1.79059560465979,3.621405924555,13.6423615794729
1.9761167448126,6.13227507783731,7.93004560011392,-57.9950554338223,0.456325827167346,0.240748681993727,1.36808305466172,4.31506151756797,5.8760802556154,4.98271031347673,4.88502253573636,4.7556627557208,2.16806560479616,0.44955712024359,4.10435489920474,28.9096426641238
2.02665947333104,3.1315541312946,5.96103472801643,-35.8208507510369,0.592798252242613,3.45415973842526,3.8397606436052,4.23676705754701,3.8218660155198,4.33850084489478,3.62618115354782,6.54631132000885,3.86762981920683,1.12318996538435,4.76871936070551,28.1114362525713
2.16368120006102,8.45353962774789,1.95928324090028,-74.7737576166251,0.420503018001234,2.82984779811468,3.88996035691586,1.66221092642573,5.91480839069721,4.48349830467459,2.61242326562537,5.474479767286,4.07105700167563,0.67528181439337,4.19140708231086,26.1351714443368
2.41000793945114,8.17662985294894,2.55610215394342,-73.8359166678424,-1.806299220475,3.79516370438237,4.24014982133831,4.34911412739044,4.12407399855612,5.16462254663233,4.52715133143382,4.79357178063578,3.94810427714673,1.08325797977642,3.6010692493286,27.3710196362778
1.37263740008094,2.92510678428314,2.17736774011156,-30.2770753355751,-0.324172426663611,4.13887445459338,4.95151430775813,4.093097034909,5.3630679222053,3.99983509918004,3.61428840356864,3.73360413649004,2.82015869127406,2.06949880949485,5.70567852403858,11.5649696135618
2.63691800385266,5.7390148394729,6.69720383860435,-57.7574640800354,-2.50841767478668,4.79965739899995,4.65859515291481,3.61453056902745,3.56471495584124,2.56898581854039,3.415229737385,3.61100215378788,3.88265998900368,3.03697181129772,4.59078523451286,31.2396127607581
0.798065218783389,5.8773162401712,1.77751962553232,-45.3888817739595,0.181711513418812,2.85823983848221,4.42225507368325,2.10720103920023,5.29525024034831,4.8314120814818,2.2244762733446,4.90435994603492,2.96445843979338,0.477230698561802,3.25697071874337,12.4479228883644
3.34654241253933,3.24400791515792,-0.27490560344338,-47.673160074744,-0.854933532643895,3.67876411220837,4.94261303233008,2.13469862697949,6.97670724808347,2.8331689366876,4.92882424167633,6.17043727429244,3.03907890548066,1.18956230614928,5.11811107934436,17.109036403052
1.40123268965746,6.52183525668983,4.75717676883181,-56.9535418199725,-1.29853335689964,2.72536309626399,4.94531656361334,2.86132293449178,5.69692452916697,4.3459702028478,4.65823620634422,5.17678994928311,2.31559949689072,0.343107380008082,4.62213270793153,23.6720849317574
2.44220443776886,5.12856396907441,5.91335174295542,-50.6280701332479,0.300019960024301,2.07643748099328,4.23074064813513,2.36236649415563,4.46921493631794,4.6355906440663,2.82758045912237,4.10858573845026,4.80889661111295,0.118125029739125,5.45674615322778,29.7853638635643
2.61352640875451,9.59695808434594,5.05116962710299,-84.9683461230414,-0.864208702111757,1.78592719064293,5.02734588984305,3.78336716370318,5.72089277320674,4.25220744082233,3.77956155139187,3.77204630145877,2.68831089222211,3.51827848442978,3.99514280427656,30.9074199393385
1.70090362726621,2.40004403786592,6.13661199239247,-29.6426729645573,-0.821022850575676,4.23283667820515,4.81045204740412,2.87554236465206,6.05837033088747,3.02678178006424,2.75096328640419,5.36433922511322,3.69494983345808,1.48024397183585,3.34586708477022,21.0982858893894
0.399411904795248,2.84072553735412,3.49301688924043,-23.2578362342152,1.03277255707215,2.40383501129918,3.60888283487706,4.83211531772844,4.07718876683659,4.13964831441631,4.22129121068292,4.30546773535472,3.14922300968352,-0.0745769706637716,2.02865499267191,10.9475924597204
1.66053304468682,7.97664693110166,-2.21196174185992,-66.6416848300936,0.0144743391826954,3.29147211793894,2.04764455306987,2.59087746617661,4.81793337514885,3.27905817889997,2.922481853506,4.64508662263234,3.58490928589039,3.09297721506643,4.68609922920372,12.2312837609885
1.41869225400884,4.53847273588584,4.07859820929568,-41.2873311131396,-0.272174495970602,4.98129668137933,3.0917452033065,3.24465986542528,4.55861274583167,4.48564425295153,3.09283041576353,2.74172917223271,5.15983113850455,1.88587539145208,5.59553412989996,15.8569364280413
1.60963798998775,6.33014770139864,6.31224326884412,-57.3031798731565,0.932245045582212,4.02802242220921,2.8861151268591,4.30289751478359,4.63154494298001,3.68444845124047,2.479767416191,5.50586070459759,5.6672833195724,1.49992782417075,3.37455041034559,25.1817473752258
2.84551435504877,2.67936582550535,5.14525156444086,-40.2277988411763,-1.70165252448867,1.94874062310021,5.82876487257903,2.01192228857195,5.04522345432473,5.77697317775986,3.77725822518144,5.95974785409738,4.66177351692839,2.78091868978883,5.36828953361301,25.4092328513492
2.6847272050029,7.16308171262549,0.951316866990078,-69.7081665661506,1.36411685626521,4.52285295910733,3.64466497940344,3.77193433004457,4.77444049146706,3.35672574925755,4.56542673435421,5.84914559628096,4.62711435878912,1.13998448462539,3.73263912296092,19.387362971137
2.23771308351496,5.8484237917117,5.37622752312564,-56.023069536578,-0.112444817882748,2.24921360373332,4.80530480216199,2.0702872887968,4.35003555473101,3.48765274850612,2.49127232812211,4.86654224322349,5.63258529279322,0.477389963654006,3.69927593611263,27.5690721142807
1.28937811360791,6.55211265208427,6.96771896620176,-52.2047833058746,2.37088978455145,3.96066299836168,4.87375949263141,3.78744959835609,5.29236085902848,2.97694649866207,3.14186696105044,4.49783363814789,3.82510993838785,2.48531488924012,2.69057901739035,27.246871236258
4.61331895757405,3.55442256410518,9.01656609370865,-57.3656070175654,-0.740922894146972,4.84504742855539,3.56643696571286,3.70679914970483,4.63549107197814,3.56245257186172,3.07536222421481,4.14073502204799,3.3515204734657,2.86063817690274,3.55727764745146,44.0915977073666
0.373352648574987,6.01815082088835,6.85653493394061,-43.9703767444499,-1.20266825815124,3.41223871585414,2.95586126445018,4.08471271176088,6.53421237396654,2.88714806868215,4.1158395732993,4.31128679413869,2.65626514157518,2.25008019563728,3.07225002914022,19.1501405959022
0.392693706996979,5.30922994927679,3.35117227485388,-39.7123939376746,-1.22977390232198,3.48658166559206,4.76395171464124,4.96369167890075,5.01990637979041,3.08611399874418,1.94628464455267,5.21717922688014,2.9757933885725,3.05871922934785,5.49749214107647,13.3082419972246
2.34031744580566,5.61849447869024,5.80489749357534,-56.2900482883695,-0.76390159450369,3.51198194359205,3.58187092551626,4.35754218498419,6.71727812578603,5.64384251858638,2.29815148032581,5.6996680772044,4.95885863867336,1.73934260500784,5.15449933817213,28.9336654351391
4.72788770711924,5.63302738606442,6.99904753403107,-70.4883440821652,0.39520320709607,4.81391557846803,6.38811037375411,2.92402088335963,4.2879996559569,5.37337120745852,2.75420523152272,3.23255756474212,6.26215706048895,1.36292194837147,6.26268176572413,41.0113212409912
1.67280996048109,6.41535979192528,5.94460242661479,-57.5474456698893,-1.35921072734178,3.50031804706661,5.06834698599452,2.75327971959718,2.13031997011507,3.89961596262761,4.7367724948124,4.79574688674225,2.2005231656741,3.13289150619707,4.17538798053693,26.1393165773531
0.743103251736736,4.07512934843012,4.96845349074633,-34.2658606237808,-0.423804267132247,4.15523879065751,5.01435838154992,5.13821373350447,4.62043398985571,3.13540193458689,2.8710428237283,4.49539369111358,3.69024824141268,1.69188996932474,2.16253126072226,18.6534786653012
1.56860189406317,8.39660549411323,6.02087691893192,-70.3709204452901,0.438218796693164,2.15606119969869,2.26337280157224,2.67517826811227,5.65770903394256,5.52778420879771,3.2580619378819,3.78432126573253,3.9138601461025,-0.444832927131852,3.41506684428982,28.5579985157325
4.54885324760934,3.27602887725423,-1.83248921143215,-55.5105201292939,1.43447937076045,1.57655393926865,4.4239940957933,3.18621323123655,5.80586870356385,4.08375896621912,4.16739162910125,5.15875948279592,4.17602965955206,1.5769909488168,4.31450952810413,21.4331181832834
1.22859199800314,2.89634071269988,2.23232006780707,-29.8470163928496,-0.195309342968689,0.702569583308547,4.67845876267348,3.51249172968111,5.46368670566398,3.79420422290023,3.49764673570117,4.57804524266047,2.99795610816246,1.83205589011864,4.017321080716,12.1788712584512
1.49265764627654,6.06303723772221,8.72452597814389,-54.6333596220844,0.325384408790411,3.28424760318602,4.49426053299737,2.34277097942574,4.40413743893162,5.45613576469622,3.58169122091382,4.67043145285446,5.13813398112938,1.25274057119836,4.28480729278078,30.4953622869197
1.72997741621361,5.15456798691019,5.10464984876482,-47.4913612595731,-0.957756300706012,1.33313822371027,4.24264783451282,2.60801553975742,3.85801997154766,5.00339799515374,4.66749132662127,5.71707699687129,6.05327987803162,-0.396201893786211,2.98794170479754,23.1623443771972
2.74811656342622,2.95031782441255,0.942914289299088,-39.8425897997088,0.572180052952056,4.27222647343505,5.0487318438544,2.41944153829063,3.97390168799488,4.39011787594798,3.33391867301131,6.19466190153906,3.53253012523443,1.9779028929773,3.41413412804023,18.2920755223715
2.66859381046056,5.28831857805766,1.98711723848084,-57.0892011714432,-0.566696851246139,3.89717849758867,1.76178573077804,4.38358559240871,4.80736332590144,2.92824917404593,3.81937884091586,3.87788961629483,5.44750628126777,1.61405739898979,3.4808913923747,20.5286206455938
1.54470133991847,4.55820753967164,-0.0641748899295509,-40.9180673068053,0.30356907522945,4.82066410919149,5.47385008152281,3.9505588088039,4.01273380414005,3.58261062372423,2.75446817936212,4.81218831079621,2.82635977122951,1.2296630103449,5.29181368138654,13.2436357092509
0.0721547757052934,3.04533700895473,7.95188623152692,-23.1486791124821,1.79535125003041,3.14166086319776,4.97002119142343,2.85536486179349,5.82345489837128,3.35107567406039,2.71050050084161,4.9751908035447,4.16341098589512,3.17624037806066,3.98245150571686,19.1717181294352
3.88197706699389,5.67056046204653,-2.25569055135354,-68.5965196630638,-1.13961427251744,5.98213377501526,5.01848448951155,2.3962884806909,4.4840421038497,3.82558235732193,3.44711951673952,4.57011704603927,5.47422014646968,1.96398484025593,3.32081735560523,23.3107566535183
0.750288870065666,8.17473324336813,8.4104782681665,-62.7364833202208,-0.853150391156086,1.95296266525309,3.40115597868109,3.51404742090591,3.69282000887726,5.04245378890187,4.37974024831358,4.8356379610371,4.9228342665221,0.67237592191001,4.66442875270781,34.2419704694183
1.51065503109759,7.53965174799113,-1.19297629517622,-63.4319270195275,-0.689762391052728,2.77536821297179,3.69254332930074,3.69533166683884,4.61960056228748,3.87219630737895,3.60124847110634,5.66614559986689,3.57167745379409,2.04966766696927,4.96080041413173,11.9157953059672
2.21539128518805,10.7746660205737,7.57403774388529,-90.8046701860401,-0.242837084888261,4.22558137230024,6.38164426421125,3.00692852589305,2.25402955930889,4.51144645425463,3.92166775380202,4.33448473119069,4.1095447708842,-0.0176274253070356,2.08177999200797,36.9093339830647
2.42210867360398,6.36647782833956,9.73487294533064,-60.3138948288981,-1.24349954575348,1.91687929168036,5.14832596934396,3.23769197118577,4.90239256219623,3.82591683258674,4.19786822246417,4.39722363509784,3.53858414598353,2.31047478598227,2.83177391633372,38.4095490166273
0.778851721131282,3.64604782497042,4.34918040930568,-30.6334869500239,-0.682385574724641,3.40392712489965,3.49969404408923,2.97768490086385,4.98880983100065,4.26056012050101,3.8106929002328,4.07293895514812,2.90680158927786,-0.545318547302269,4.19325217437915,18.1036368265117
2.31222782062225,4.67225913350754,3.44434209132529,-48.4081515964849,0.23674707451389,3.05928171163402,4.49860363658685,3.43415740227895,5.35961254196069,5.43477875583802,2.24148394240296,3.36595835595284,3.27594579023341,3.7772040336532,4.23540493710296,21.5012874705655
2.8864621340926,6.41922322507912,2.07757108914509,-62.5881762521551,-1.07816539625224,3.83008149752077,5.35953314368899,4.58740826218292,5.51584148161341,5.28394943548022,3.07882595680773,5.37278361413758,4.96509900917694,1.7483183901924,3.30187703340729,24.3665559594982
2.47481069272715,2.89266172297317,7.12744055245579,-36.8462019995342,0.378199803320423,4.3022183472049,3.2650004731714,3.23647056070224,5.62506861942984,3.69503207666716,3.99204217686563,4.72440511929049,3.91122403865472,1.26637665214193,6.18010509520074,30.9204746527789
2.86984135473615,3.08754299594414,7.65684651143471,-42.7265793609026,-0.685077177775205,2.68556334534347,5.024401843566,5.25835934783553,5.42124100633208,7.00471399901864,4.27716676517329,4.27892859336953,2.91737433574067,-0.77622217339791,4.85186430840728,32.3936309839106
1.11347620402822,3.10962525156847,2.8749584431109,-28.6943955765561,0.227324835027025,4.75187597486669,4.0393996263247,2.40525268965168,7.24183394645723,5.14633845075814,2.17423853755095,4.54560749426752,5.75631102624612,0.874971320386367,2.95741473158082,12.4075746032522
1.87134446853902,5.44957689469069,0.00310974212976989,-51.5468820525984,-0.167729534711567,2.50338448474036,2.0350930883825,2.86468831213719,4.127743244303,4.30564168447639,2.87515617251877,5.26606605776787,3.50354493682802,1.00551789804307,4.6425991337859,16.1766631096571
3.09651049495896,5.71891034875925,6.52175757288144,-61.3780039015121,-0.575321071416205,4.24079000342082,4.44366345519304,4.88509964349617,3.50712271937959,4.82179935604451,2.80264064916792,5.79806369627889,3.02176428191172,1.28446728855819,3.8264545351656,35.6259426012646
2.51802954661184,3.67257915063936,3.38813826686177,-44.6665690818831,-1.84204522457526,3.4281045611888,5.19371541282891,5.7543380299428,4.62096557535217,5.62653153168325,4.61017512560837,5.71481284351053,4.09414657394371,1.66656944719627,4.43586074180769,25.9590988245706
2.39803317510454,4.7469836392788,2.75850138546985,-52.5425166577654,-1.76385752354566,3.24658589692409,4.24676375071509,3.37246412949292,6.35184697112641,3.97039799673599,3.04502359890678,5.20771366613517,5.63983057028367,-0.0642165609998153,5.21307763193796,21.9514516552915
3.06665941044532,8.28474848661691,3.73498066748333,-80.7578391448948,1.12113128519892,4.47620668902239,3.76405744525574,4.03356229404815,5.6751574481131,3.60480121544763,4.00904915765233,4.62413150514587,3.76747234957395,2.48659664417089,3.68453885994391,28.9497277052162
1.55045991870383,3.98580303697624,1.59817305757377,-37.4578975342932,1.30713414191146,2.83970721338767,4.36868008342521,2.09653413242312,4.1667937941457,2.92123549992655,1.43467082602469,4.56344893298501,4.52995201020882,2.97868199407667,3.14076920071816,16.4925727615463
2.62610198420059,3.96302591132295,3.14932120861873,-45.3463556877354,0.242821261606431,4.36953453390606,4.5253420312494,2.98008183500485,3.75033596594472,3.96152820417283,2.59323001503705,4.83084689194583,4.23023993812683,0.01016170488247,4.1099359545824,24.3371980662357
1.18116404928549,7.68730600922044,12.2767495583521,-61.0452620820356,-1.11354447492234,2.60748161611086,3.72530448097616,3.65786873158525,5.71353589314506,4.05071105533329,3.51215483530776,5.13880164008757,3.71748635144831,1.84629960753851,5.76409375797491,36.5813564681125
1.73648379153942,5.17497403194734,6.00535567732361,-49.101719619842,0.880822522896866,2.20212965193511,3.3210907994263,3.1730731764888,4.3364940183566,5.44555805397648,4.71149778512247,5.33582545682847,2.03767665483629,0.814083969165266,3.53887412650831,26.1412177950469
2.15457528602562,6.07534547397108,1.60278156116077,-56.6256077211596,0.306425234090675,3.26980515394659,4.88830054914405,4.46793822555855,3.49924087099934,4.66876358711674,6.28445076981886,4.66897946561751,3.291822985696,0.421670282038962,4.31161612146419,20.8533096868586
2.56844554951319,7.98437275237528,4.50224420145097,-73.2464857946792,0.978139168220151,3.24396772874685,3.58933767125516,2.90413451225182,4.04583585914226,4.16517736205997,2.67382689150959,2.25634559915165,3.27477025207171,2.4167576205201,3.28207027433039,28.9869339716807
-0.660159677460673,6.75358537410988,-0.401849114516989,-44.0478057207658,1.02527705798307,3.20043407596462,2.45697705599713,2.89171204212478,2.68914934997301,2.81673011053535,2.54140844840675,5.42517179657857,4.85243845213372,0.951112290524607,4.84166878997869,6.3806839502992
3.13653254173055,5.99177047581171,-0.891594734044756,-63.7922040175105,0.124982950210379,2.88507670850842,5.76563313045929,3.54571628520578,6.18526043632459,3.21984423878602,3.90350631498132,5.07911999192402,4.83249091303892,3.28540968456682,4.45302278890521,20.994727613228
2.42177277592925,4.50529216016197,0.325615764017504,-47.0780240531473,-0.149822782474993,2.69403228223317,4.73937276625902,4.27438621811286,3.76236306633351,5.35846322082812,4.30578321668967,4.64743844970286,3.88464085341896,1.55611617196158,5.76484218460756,16.5932140458749
3.35008259715745,3.54244478264912,1.02729681546059,-47.8200247836728,0.03814181268748,6.48792002604596,4.89477627597345,2.97140337594867,2.55429667800133,3.42876268117601,2.25626619849337,4.50353510645,3.21852166348169,1.50160541458447,2.52555508098373,22.9518103410258
3.10375688508572,6.74838712607056,2.19467226346979,-69.4840558094981,0.686544565529922,2.25463541364105,2.12156163954953,4.0934161864282,4.63464742936155,3.94127320149793,2.7065233039202,2.95071344295096,4.83538513075049,0.707238593238209,6.22236465338175,24.8526591826238
2.64704610976265,3.47879392068355,-2.48842476033961,-42.3659192861932,4.43059899351138,3.01270383709904,2.07913728699378,3.68231209316857,5.76745328778261,3.83521718036702,4.41229031550842,5.02453043402299,3.41271398097753,1.6686154291656,6.71090128129566,13.26729491516
2.17563581020697,5.80583907813411,3.68514072840198,-56.8864180104324,-0.304571146156617,4.36017260611141,3.79012651935144,1.84198612469424,4.51824790027207,1.13264048098142,5.56729152048254,4.26491120367943,2.89530475570445,0.753489097247547,2.24495110060907,25.628925144085
2.65355778671871,3.93651603853338,5.09858917245142,-46.5800301844774,0.321391309129949,3.21130978303088,2.94395510666315,3.07011368012656,5.22379761333745,3.80283623837218,5.43789595403899,5.40594952775327,4.76510440949817,1.61736053451217,4.26231343890686,30.2851896125948
1.93450969623063,5.00002386696885,6.86005893288252,-48.2993337569837,-2.05216112446109,2.27015911106967,1.55277114113141,5.6153463103665,5.09614985577922,4.56626639350234,2.15698956086278,3.96928737924123,3.49293658872969,0.178276820326195,5.69180896473888,28.4308832625612
2.64552217266722,6.63635676298993,-1.07281830346234,-65.4044241552673,0.628625342669159,5.65075283068868,3.02474008803665,3.03774686346435,5.17012206938023,2.73578800313261,3.44061918559014,3.21358475142844,3.39121399771025,1.0309004286523,3.73073801936587,19.8091685602537
2.36429403667424,5.53823842029035,3.19944415129539,-54.8446833613137,1.64875517132817,3.16098892560415,3.85048988911767,2.55760283053799,5.14677808193886,2.66025717486702,2.41225983826188,5.03154964246623,4.87064239086709,1.05969639832084,2.55093059983245,23.0112901340317
2.8434415681363,4.22399771642658,4.6864679834721,-49.7660757956634,0.921967276448833,2.9695673979809,4.15709633833287,3.52713493616705,3.88277839140281,4.11858589370381,3.91528489706819,3.53481553274667,3.46876122486849,1.40529607083362,2.9411976989583,26.528043804893
1.32352113433508,4.35048298069085,3.54119721869943,-39.0702504862473,1.53035706097518,4.55178505523562,3.74535616237872,4.8844892564987,4.21786302149922,2.29560231950648,2.50693217609214,4.51840506750013,4.49719643269027,0.289089573762826,2.58405091855861,16.4728940791733
1.60856709692293,8.36001745810056,-2.65263072151721,-70.9651834466595,1.48936989009124,4.42681398396673,3.43838669914224,3.08424249454308,4.07176931099689,4.17906161553512,3.23731762154478,5.45129461159451,2.75359374132102,1.92039948935163,4.1609826384055,11.152579278396
2.40494064407059,-0.761471116813258,10.0279755912568,-10.4655585345888,-0.383413581342072,2.75568178812596,3.10474437303555,4.33331651434162,4.70676212675527,4.93275200846744,3.44056404869178,4.12666297152752,5.35937903030772,-0.0923568147676532,4.40385941327245,30.7065115918346
0.893141304681225,6.24427622213126,5.43713310329672,-51.3598662922417,-0.707363006545277,1.85630092358437,4.6512994678913,2.65692196537622,3.83467544241873,2.45947098086197,3.75247923733611,6.20910625349664,3.30910738131843,1.14636615278814,5.58259491852665,23.6678869852313
1.61669959199109,0.592895335596787,2.89459717019655,-15.2663139188333,1.06856155021289,4.29496357135387,1.47907228440753,3.67443520189928,4.78213404428629,5.89787007488108,2.76636387142679,3.22058293390309,5.8834975406239,0.459843688417156,3.39722371837835,13.6319763822798
2.29402024825113,4.4546164593385,0.339392410824309,-47.8421530008334,-0.15937855657704,3.08581300298185,4.58327762950148,3.3342797268667,3.25680083410825,4.29934985859586,3.23752290212109,3.86312344689932,3.4768935039962,2.44131680890346,4.79208546420797,16.6409334763087
3.79306066807253,3.15576092190153,4.40706958939794,-49.7943506057276,-0.12089532698935,3.84816134314927,3.79315710144201,3.12167692635018,4.88010988220026,1.50748700300339,3.26577023409177,3.63842640461377,3.75823470816306,0.292995657873818,3.34856627395241,30.8889506100493
2.81403217107086,4.38743466051291,8.10262210051928,-49.946107114931,0.217106745990178,4.04888822915743,3.74534739421835,3.92376399492811,3.25515041352883,6.68840870594524,4.31459438569487,4.35666249872925,4.86143085837989,1.99986381346688,3.00723173017756,33.883432828666
0.679975604025036,10.0731184799618,8.01385985878578,-74.5427261217576,0.040538720408709,3.05846836847302,5.42167507064566,2.42637641706438,3.45648765331205,3.44976391565634,3.61916776991475,4.1787829652075,5.88258658783158,1.93643199345196,3.34985538141988,25.7627285311488
